Gene,nascentRNA,PCNA,ratio
apex,402.0,210.41525423728814,0.9339562035479769
apex,306.4171779141104,264.7852760736196,0.2106742774312399
apex,277.989010989011,235.42857142857142,0.23973843844319112
apex,289.02884615384613,172.1346153846154,0.7476762411474245
apex,297.60526315789474,173.1421052631579,0.7814434341092972
apex,410.2283464566929,216.40944881889763,0.9226636932024749
apex,353.05298013245033,219.83443708609272,0.6834672923456533
apex,312.15135135135137,178.51891891891893,0.8061687364512701
apex,277.17543859649123,185.06140350877192,0.5827953838687443
apex,319.1278195488722,218.593984962406,0.5458806761432081
apex,311.0993377483444,239.66225165562915,0.3763726306005398
apex,343.3121387283237,212.29479768786126,0.6934518503350808
apex,366.4228187919463,227.93288590604027,0.6849002592476297
apex,399.4032258064516,209.40322580645162,0.9315623180395667
apex,296.58181818181816,194.13636363636363,0.6113597824870923
apex,289.7631578947368,184.21929824561403,0.6534499726254044
apex,370.8225806451613,220.11290322580646,0.7524853773833025
apex,393.3014705882353,270.65441176470586,0.539183675957851
apex,284.1212121212121,195.95454545454547,0.535987506522599
apex,370.22935779816515,219.0,0.7574884302186387
apex,289.94827586206895,237.4655172413793,0.2880775269750222
apex,323.9568965517241,230.91379310344828,0.4884475191747196
apex,310.75728155339806,211.95145631067962,0.5520543172559031
apex,302.87735849056605,174.0566037735849,0.7991771824159771
apex,349.26666666666665,205.16190476190476,0.7675660905423036
apex,219.72649572649573,149.12820512820514,0.5591557023958681
apex,305.9769230769231,219.57692307692307,0.47869640920478834
apex,299.6896551724138,176.7155172413793,0.7620405577957653
apex,290.3821138211382,186.4878048780488,0.6388713023675803
apex,416.34265734265733,228.08391608391608,0.8682066657476266
apex,406.5763888888889,224.3125,0.8580164179431141
apex,311.72727272727275,223.0090909090909,0.48318185808145925
apex,361.49152542372883,201.19774011299435,0.8453477253123778
apex,364.54761904761904,201.58928571428572,0.8546883160034646
apex,292.15,233.45833333333334,0.32354420254864197
apex,417.7083333333333,208.48611111111111,1.0025446480519957
apex,340.3454545454546,229.63636363636363,0.5676487266945821
apex,354.7932960893855,194.0391061452514,0.8706313110177205
apex,391.17610062893084,161.27672955974842,1.2782799411616932
apex,300.1138211382114,171.3089430894309,0.8089092923922507
apex,408.32704402515725,161.1761006289308,1.3410872869719763
apex,404.0745341614907,202.35403726708074,0.9977397987271917
apex,430.57971014492756,228.32608695652175,0.9151846368519602
apex,303.3196721311475,165.90983606557376,0.8704396486885124
apex,370.59124087591243,213.6058394160584,0.7948776958783714
apex,345.9433962264151,179.12264150943398,0.9495882924752562
apex,374.1311475409836,218.85245901639345,0.773585485456442
apex,318.7,173.31666666666666,0.8787886239298919
apex,334.39449541284404,243.13761467889907,0.4597779956865444
apex,330.1981981981982,170.018018018018,0.9576446007633823
apex,290.69172932330827,215.9624060150376,0.42870983001062507
apex,438.80405405405406,187.75675675675674,1.2247120280866404
apex,307.68,167.56,0.8767528784733739
apex,337.20754716981133,179.29245283018867,0.911322065733987
apex,323.40776699029124,201.3398058252427,0.6837218990788416
apex,374.09615384615387,222.375,0.7504145278499141
apex,464.3098591549296,200.46478873239437,1.211739063184486
apex,352.80582524271847,191.04854368932038,0.8849351212302212
apex,286.968992248062,176.72093023255815,0.6994219403841444
apex,475.6302521008403,293.14285714285717,0.6982365757492133
apex,342.9,185.63636363636363,0.8853085618077677
apex,322.3551401869159,182.58878504672896,0.8200528335430795
apex,421.219512195122,155.22560975609755,1.440205669131727
apex,382.61607142857144,211.41964285714286,0.8557880512305167
apex,490.82706766917295,207.18796992481202,1.2442745741650083
apex,340.3302752293578,191.89908256880733,0.8265876825099874
apex,310.12295081967216,179.5655737704918,0.7883295135842595
apex,458.7278911564626,267.0612244897959,0.780468106047787
apex,297.890625,193.46875,0.6226821666703148
apex,446.0833333333333,214.3125,1.0575972476582032
apex,279.1679389312977,248.29770992366412,0.16906230916528836
apex,330.37735849056605,197.69811320754718,0.7408157166518606
apex,300.2896174863388,170.327868852459,0.8180400881217055
apex,345.44554455445547,254.27722772277227,0.442056040020351
apex,305.86821705426354,195.10077519379846,0.6486906931791349
apex,363.4854368932039,169.46601941747574,1.100901543994647
apex,291.1857142857143,174.07142857142858,0.74226015405386
apex,289.6923076923077,189.55944055944056,0.6118710683875311
apex,388.2717391304348,218.08695652173913,0.8321632156401065
apex,339.4736842105263,183.5438596491228,0.8871748912411389
apex,351.66355140186914,173.39252336448598,1.020154121515338
apex,358.1081081081081,204.99099099099098,0.8048346767163547
apex,344.4297520661157,181.64462809917356,0.9230910684768567
apex,342.8090909090909,176.95454545454547,0.9540265476620539
apex,381.84,200.45,0.9297258240140709
apex,436.54773869346735,241.52261306532662,0.8539811576905674
apex,357.47222222222223,215.5462962962963,0.729833366929085
apex,347.8625954198473,193.06106870229007,0.8494602886205543
apex,442.7687074829932,166.61904761904762,1.4099999270898578
apex,485.2238805970149,207.61194029850745,1.2247611361481168
apex,424.06976744186045,208.53488372093022,1.024012896824224
apex,498.0210526315789,267.9526315789474,0.8942287451009042
apex,476.4583333333333,229.35416666666666,1.0547729377703137
apex,355.2735042735043,185.5811965811966,0.9368795573772394
apex,442.3692307692308,234.53076923076924,0.9154738323020974
apex,372.04545454545456,200.07792207792207,0.8949169134419444
apex,443.76978417266184,174.84892086330936,1.3437025472564037
apex,365.56880733944956,189.39449541284404,0.9487485749793909
apex,362.6,211.0,0.7811359261496106
apex,415.9225806451613,209.81935483870967,0.9871672459291854
apex,408.6397058823529,230.2058823529412,0.8279046932631063
apex,496.31205673758865,233.0212765957447,1.0907858121481562
apex,363.048,202.144,0.8447769227578609
apex,485.6967213114754,228.327868852459,1.0889487871895072
apex,297.8447204968944,183.88198757763976,0.6957802211227986
apex,385.95098039215685,198.92156862745097,0.9562179096317087
apex,356.31067961165047,206.79611650485438,0.7849266326173744
apex,472.58677685950414,222.07438016528926,1.0895362982560166
apex,363.2549019607843,197.04901960784315,0.8824276949580246
apex,576.4811320754717,173.00943396226415,1.7364226818510802
apex,430.40277777777777,216.29166666666666,0.9927093070424851
apex,378.2079207920792,217.86138613861385,0.7957690627849188
apex,467.3142857142857,206.85714285714286,1.1757583655557977
apex,338.019801980198,192.68316831683168,0.8108772137155915
apex,457.6923076923077,229.75524475524475,0.9942802500463684
apex,453.8164556962025,212.75316455696202,1.092928331904154
apex,354.39814814814815,193.5462962962963,0.8726923648675046
apex,312.4017094017094,184.23076923076923,0.761888314941891
apex,487.6861313868613,234.87591240875912,1.0540541801926775
apex,430.42138364779873,212.52201257861634,1.0181374735378232
apex,479.87603305785126,219.40495867768595,1.129065629008009
apex,348.91964285714283,168.625,1.0490763749230736
apex,349.041095890411,220.43835616438355,0.6630216345180328
apex,314.54128440366975,168.24770642201835,0.9026625492672251
apex,378.83898305084745,219.22881355932202,0.7891473674916435
apex,363.42857142857144,224.23376623376623,0.6966683007681274
apex,408.32278481012656,163.62025316455697,1.319358735275229
apex,290.8151260504202,174.5966386554622,0.7360765251403815
apex,440.89102564102564,218.69871794871796,1.0114773480499308
apex,342.42857142857144,217.6,0.6541245252285519
apex,335.1923076923077,166.72115384615384,1.00755187370908
apex,349.29411764705884,209.6042780748663,0.7367741840251206
apex,454.7852348993289,208.3020134228188,1.1265086319492001
apex,366.59,168.11,1.1247618863167517
apex,453.42335766423355,239.62773722627736,0.9200638003839712
apex,331.4907975460123,225.5521472392638,0.5555078000372021
apex,272.9920634920635,173.20634920634922,0.6563671935381651
apex,366.63,166.14,1.1419253816594588
apex,468.3741496598639,194.30612244897958,1.269330093379327
apex,328.5833333333333,238.56060606060606,0.4619034767223416
apex,349.5625,232.07142857142858,0.5909815087137016
apex,287.25333333333333,200.29333333333332,0.5202092316875458
apex,311.928,159.064,0.9716057049349475
apex,438.7153284671533,238.91240875912408,0.8768033269933678
apex,447.3560606060606,191.95454545454547,1.2206588381959969
apex,345.49532710280374,168.3177570093458,1.037478813372896
apex,374.37,178.97,1.064747054965088
apex,256.1937984496124,171.5968992248062,0.5782120701197453
apex,393.57342657342656,230.6013986013986,0.771231552597146
apex,305.9848484848485,159.96969696969697,0.9356615749198207
apex,281.75384615384615,191.19230769230768,0.5594108243874126
apex,316.858024691358,188.28395061728395,0.750926524021213
apex,321.5811965811966,158.57264957264957,1.0200390939383652
apex,354.95238095238096,181.89523809523808,0.964517716554906
apex,337.36241610738256,215.4228187919463,0.6471281826785662
apex,437.56410256410254,157.05769230769232,1.4781997808987717
apex,299.325,184.95833333333334,0.6945124767411283
apex,321.8782608695652,172.2,0.9024300001114391
apex,458.35036496350364,200.3065693430657,1.1942410850475011
apex,374.81325301204816,214.33132530120483,0.8063292455736353
apex,324.4166666666667,169.03333333333333,0.9405401651680105
apex,324.5135135135135,172.24324324324326,0.9138311667151676
apex,307.8333333333333,163.875,0.9095536800395273
apex,395.64071856287427,214.11377245508982,0.8858133157863063
apex,326.91715976331363,143.11834319526628,1.1917165143448265
apex,495.3666666666667,233.80833333333334,1.083170441647633
apex,320.6642857142857,221.97857142857143,0.5306432676369939
apex,271.66037735849056,167.5,0.6976430630812972
apex,267.08527131782944,198.4031007751938,0.42886584602224276
apex,503.359649122807,220.46491228070175,1.1910405058369475
apex,285.8767123287671,209.24657534246575,0.4501890911003247
apex,350.34027777777777,192.75694444444446,0.8619740238725535
apex,374.14179104477614,175.40298507462686,1.092911821313904
apex,392.0550458715596,186.6880733944954,1.0704264642458245
apex,288.70454545454544,181.2651515151515,0.6714922304407188
apex,370.4513888888889,180.52083333333334,1.0371188990872264
apex,342.5480769230769,158.59615384615384,1.1109487014800816
apex,294.36986301369865,211.21917808219177,0.4788891456545443
apex,342.9760479041916,171.5449101796407,0.9995215067070223
apex,348.9866666666667,178.02666666666667,0.971078559000996
apex,310.89830508474574,213.6864406779661,0.5409473858936703
apex,379.3719008264463,184.19834710743802,1.0423527101674115
apex,393.43548387096774,233.34677419354838,0.7536515563778963
apex,340.6981132075472,181.71698113207546,0.9068007146004077
apex,365.09655172413795,225.98620689655172,0.6920433226134597
apex,261.23809523809524,194.06349206349208,0.42883655580458757
apex,359.0081300813008,214.0731707317073,0.7459125180201852
apex,278.58677685950414,187.71900826446281,0.5695520383271149
apex,286.7913043478261,172.15652173913043,0.7362804464829378
apex,313.7090909090909,180.93333333333334,0.7939691173047396
apex,316.34640522875816,190.99346405228758,0.7279819330847588
apex,274.35766423357666,215.74452554744525,0.34673392641610207
apex,242.37333333333333,181.58,0.41662567099458814
apex,280.864406779661,173.53389830508473,0.6946562990449004
apex,262.7647058823529,166.72549019607843,0.6562968174622675
apex,261.1803278688525,175.2704918032787,0.5754631097967059
apex,238.90677966101694,188.22881355932202,0.34396030612151784
apex,314.59712230215825,202.84172661870502,0.6331510141223842
apex,282.84313725490193,164.77450980392157,0.7795090881321864
apex,255.08333333333334,196.86666666666667,0.3737497832803996
apex,346.33727810650885,204.72189349112426,0.7585122845960243
apex,301.10377358490564,162.9056603773585,0.8862240556368859
apex,338.07971014492756,217.96376811594203,0.633275098202397
apex,269.21666666666664,181.09166666666667,0.5720475680701053
apex,261.896,192.376,0.44506519930830174
apex,337.73493975903614,200.93975903614458,0.7491283866576741
apex,286.4260869565217,176.76521739130436,0.6963284762318812
apex,258.39830508474574,176.95762711864407,0.546192661718886
apex,273.72072072072075,201.61261261261262,0.4411187564657162
apex,269.6771653543307,168.13385826771653,0.6816230887562017
apex,280.8034188034188,174.02564102564102,0.690260611523759
apex,293.27338129496405,197.0503597122302,0.5736817489737995
apex,311.8095238095238,224.44897959183675,0.4742774565495593
apex,296.35643564356434,172.79207920792078,0.778296301401595
apex,373.488,236.312,0.6603689989280053
apex,296.0357142857143,176.14285714285714,0.7490252631308089
apex,305.8490566037736,196.66037735849056,0.6371135097651999
apex,258.352,206.616,0.32238607381333245
apex,296.43564356435644,218.68316831683168,0.43887674562046636
apex,263.0325203252033,166.46341463414635,0.6600360434875442
apex,343.9855072463768,203.03623188405797,0.7606105829631225
apex,314.64827586206894,213.66206896551725,0.5584092258503922
apex,304.2118644067797,216.72033898305085,0.4892418647041271
apex,298.4403669724771,194.86238532110093,0.6149870562369782
apex,315.86046511627904,212.0077519379845,0.575170355463898
apex,270.1507936507937,187.38888888888889,0.5277295085295428
apex,267.2142857142857,181.46031746031747,0.5583430508973222
apex,324.79432624113474,212.15602836879432,0.6144007575424317
apex,305.75,190.37037037037038,0.6835435466096146
apex,380.5159574468085,217.74468085106383,0.8053194797904464
apex,388.9805825242718,254.4757281553398,0.612170080390697
apex,312.036036036036,214.9009009009009,0.5380411201093018
apex,390.70344827586206,205.10344827586206,0.9297222413853683
apex,312.15384615384613,211.92307692307693,0.5587165462981388
apex,309.37,196.11,0.6576702005989341
apex,335.4179104477612,197.8507462686567,0.7615472201490728
apex,297.24347826086955,199.0,0.5788767257657763
apex,279.5744680851064,193.85106382978722,0.5282839613210761
apex,261.31111111111113,179.37037037037038,0.5428268745899574
apex,273.6569343065693,201.01459854014598,0.4450681341615095
apex,376.837037037037,237.73333333333332,0.6645965634620382
apex,317.5826086956522,189.43478260869566,0.7454306583964413
apex,264.44117647058823,211.23529411764707,0.3240959315700725
apex,289.47058823529414,178.8403361344538,0.6947446075313987
apex,373.9710144927536,208.731884057971,0.8412754641438863
apex,391.55128205128204,208.6346153846154,0.9082227309065194
apex,335.33613445378154,210.2016806722689,0.6738337459930911
apex,256.7950310559006,245.43478260869566,0.06527756697595745
apex,296.7586206896552,172.2844827586207,0.7844971726405006
apex,333.05641025641023,206.36923076923077,0.6905386654715181
apex,430.53982300884957,193.8053097345133,1.151538589449492
apex,311.2970297029703,177.8910891089109,0.8072975659635298
apex,310.2280701754386,185.52631578947367,0.7417053918118575
apex,302.08666666666664,169.42666666666668,0.8343015451455299
apex,326.747572815534,189.36893203883494,0.786976858310803
apex,365.3225806451613,212.31451612903226,0.7829679167230493
apex,395.81159420289856,231.78985507246378,0.771996448588334
apex,305.283185840708,189.13274336283186,0.6907489824200551
apex,407.43150684931504,198.0958904109589,1.0403585976550391
apex,315.99107142857144,179.1875,0.818413795051438
apex,289.58196721311475,177.86885245901638,0.7031578711368268
apex,339.3536585365854,202.6768292682927,0.7436084025198912
apex,340.1782178217822,184.1881188118812,0.8851107634496754
apex,288.3739837398374,184.7479674796748,0.6423825221808604
apex,319.60360360360363,175.2972972972973,0.8664799220214511
apex,353.75141242937855,249.80790960451978,0.5019167508730056
apex,312.1504424778761,172.858407079646,0.8526507391309041
apex,305.96666666666664,165.88333333333333,0.8832055452327252
apex,323.4159292035398,183.3716814159292,0.8186198807720383
apex,318.348623853211,219.10091743119267,0.5390120025299726
apex,300.71666666666664,162.45,0.8884090851723986
apex,316.88235294117646,170.57843137254903,0.8935120808275588
apex,339.9306930693069,191.52475247524754,0.8277097750590614
apex,333.9230769230769,200.10897435897436,0.738729929580377
apex,370.1818181818182,183.4121212121212,1.013145051758172
apex,313.27433628318585,170.26548672566372,0.8796405612003179
apex,466.16058394160586,157.5985401459854,1.5645728520076294
apex,308.6695652173913,198.8521739130435,0.6343669061904857
apex,438.4054054054054,198.68243243243242,1.1418012717538613
apex,319.2068965517241,162.79310344827587,0.9714522390136022
apex,394.96992481203006,201.75187969924812,0.969160687725665
apex,452.8541666666667,205.875,1.137277881777369
apex,472.646017699115,214.1769911504425,1.1419565987061235
apex,290.8955223880597,161.23134328358208,0.8513688596681563
apex,345.9519230769231,179.875,0.9435768735617951
apex,281.3560606060606,176.57575757575756,0.6721097541748792
apex,400.7647058823529,189.66013071895424,1.0793390249815147
apex,327.46017699115043,178.4513274336283,0.8757888355293996
apex,338.132183908046,202.89655172413794,0.7368429942051475
apex,276.9,178.52307692307693,0.6332544763100251
apex,309.56,159.648,0.9553245851605455
apex,330.77777777777777,196.02777777777777,0.754804211584887
apex,449.93197278911566,199.9387755102041,1.1701485994183984
apex,337.8144329896907,173.46391752577318,0.9615953710581062
apex,416.8627450980392,188.11764705882354,1.1479372522169786
apex,301.4590163934426,169.13114754098362,0.8338195059432886
apex,333.10434782608695,192.8608695652174,0.7884137268308766
apex,436.3138686131387,182.52554744525548,1.257267924782698
apex,307.03076923076924,165.06923076923076,0.8953120190867853
apex,346.6574074074074,172.2962962962963,1.0086188989615443
apex,345.35260115606934,179.33526011560693,0.9454109174099489
apex,324.8207547169811,178.38679245283018,0.8646350140000713
apex,335.7692307692308,176.6153846153846,0.9268590118411146
apex,345.28,188.46,0.873508421114896
apex,315.0859375,172.0078125,0.8732712745011743
apex,344.2089552238806,188.55721393034827,0.8682822852174957
apex,315.22033898305085,192.4406779661017,0.7119468377680187
apex,421.0134228187919,186.28859060402684,1.176326912307931
apex,334.4166666666667,175.75,0.9281220609863039
apex,343.8125,184.22321428571428,0.9001671284899364
apex,373.18674698795184,188.2289156626506,0.9874094811324491
apex,515.3212435233161,335.38860103626945,0.6196384107741038
apex,361.1782178217822,175.15841584158414,1.0440505814055503
apex,370.19,203.68,0.8619615996375999
apex,354.489898989899,179.2828282828283,0.9835072057571331
apex,319.6095238095238,181.77142857142857,0.8141849488968027
apex,482.7345132743363,210.55752212389382,1.1970155600514911
apex,552.1428571428571,204.31428571428572,1.434251505725125
apex,420.0064935064935,209.93506493506493,1.000468476293285
apex,356.5255102040816,181.58163265306123,0.9733870299381181
apex,444.3259259259259,201.6962962962963,1.1394337311528353
apex,323.33644859813086,179.5981308411215,0.8482638112687435
apex,359.1825396825397,179.74603174603175,0.9987572999221768
apex,363.5877192982456,199.35087719298247,0.8669935176777924
apex,335.69827586206895,189.42241379310346,0.8255580766714974
apex,357.3333333333333,167.9351851851852,1.0893659696623863
apex,343.4818181818182,196.5818181818182,0.8051038404131239
apex,396.5878378378378,211.4391891891892,0.9073976373393723
apex,354.1121495327103,169.9532710280374,1.0590682140530916
apex,366.2857142857143,169.2,1.1142398663285495
apex,362.71232876712327,298.56164383561645,0.2807969494557826
apex,327.1794871794872,160.64957264957266,1.026165156972272
apex,356.50961538461536,180.70192307692307,0.9803291281547356
apex,318.62295081967216,154.2295081967213,1.0467713722809215
apex,350.72131147540983,221.63114754098362,0.6621644494474119
apex,311.71022727272725,175.16477272727272,0.8314928261874095
apex,337.1404958677686,163.02479338842974,1.0482585367419492
apex,324.06722689075633,171.7731092436975,0.9157889244698393
apex,396.3263888888889,255.00694444444446,0.6361524948899494
apex,354.55855855855856,162.0990990990991,1.1291478485144761
apex,449.8581081081081,217.82432432432432,1.0463049578418377
apex,342.5344827586207,209.4051724137931,0.7099521526961278
apex,328.59090909090907,163.0,1.0114206022866292
apex,380.7671232876712,234.9041095890411,0.6968369637255966
apex,327.609756097561,161.3821138211382,1.0214976287405038
apex,479.0265486725664,220.32743362831857,1.12045647491067
apex,349.56310679611653,181.54368932038835,0.9452361483699989
apex,464.0940170940171,224.35897435897436,1.0486082060367783
apex,395.9491525423729,221.16949152542372,0.8401627808864544
apex,358.53465346534654,180.1881188118812,0.9926086802215909
apex,378.58682634730536,242.61676646706587,0.6419449566482964
apex,318.225,168.05833333333334,0.9210850975155742
apex,384.5,228.80555555555554,0.7488615160220928
apex,324.7008547008547,218.87179487179486,0.5690251300068034
apex,416.22314049586777,198.82644628099175,1.065847510656146
apex,334.3960396039604,212.37623762376236,0.654935406314703
apex,298.57851239669424,188.71900826446281,0.6618706015072844
apex,348.70949720670393,176.46927374301677,0.9826086488911548
apex,350.97058823529414,180.19607843137254,0.9617825215555834
apex,247.89903846153845,197.45192307692307,0.32825125663111177
srsf1,389.93457943925233,354.5514018691589,0.13723729824174608
srsf1,286.16129032258067,303.31451612903226,-0.08398601592324104
srsf1,297.73758865248226,244.67375886524823,0.28318198843037623
srsf1,391.475,371.85,0.0741994063088445
srsf1,627.4113475177305,360.83687943262413,0.7980648251860651
srsf1,621.6074074074074,418.55555555555554,0.5705845690459279
srsf1,387.1603053435114,367.0916030534351,0.07679092974513624
srsf1,248.8671875,325.1640625,-0.38579179071681763
srsf1,374.4503816793893,271.618320610687,0.46319376780644506
srsf1,330.9037037037037,249.57037037037037,0.4069647754448224
srsf1,620.0645161290323,368.51612903225805,0.7506905681756052
srsf1,429.0689655172414,333.22758620689655,0.36470171599330276
srsf1,745.5536723163842,510.728813559322,0.5457547624563569
srsf1,364.80833333333334,254.65833333333333,0.5185757572673306
srsf1,333.6412213740458,232.82442748091603,0.5190551138590221
srsf1,288.73387096774195,219.86290322580646,0.3931361547020806
srsf1,288.89312977099235,305.1297709923664,-0.0788870528106883
srsf1,601.8368794326241,406.07801418439715,0.5676155958243236
srsf1,397.84684684684686,215.36036036036037,0.885460435785236
srsf1,312.51408450704224,328.67605633802816,-0.07274515043422405
srsf1,512.9018404907976,329.15337423312883,0.6399227610160618
srsf1,629.006711409396,466.1275167785235,0.4323507289177804
srsf1,381.0458015267176,269.5267175572519,0.49953612833537114
srsf1,914.7154471544716,444.4552845528455,1.0412847339252886
srsf1,332.77685950413223,247.31404958677686,0.4282109157832045
srsf1,472.172131147541,307.9836065573771,0.6164593316238063
srsf1,365.78125,267.8625,0.44948850217409103
srsf1,361.46478873239437,377.5422535211268,-0.06278299887566323
srsf1,652.1308411214953,471.0373831775701,0.46931988878200664
srsf1,586.0574712643678,384.3448275862069,0.608640895162056
srsf1,411.6923076923077,253.008547008547,0.7023803705785187
srsf1,537.1298701298701,342.4415584415584,0.6494131561892462
srsf1,484.5879120879121,309.2142857142857,0.6481514442273731
srsf1,499.22285714285715,324.5028571428571,0.6214528094089017
srsf1,288.5702479338843,267.702479338843,0.1082920626431046
srsf1,369.68503937007875,230.03937007874015,0.6844158685960984
srsf1,425.4344827586207,261.80689655172415,0.7004338714119165
srsf1,424.86170212765956,375.25531914893617,0.17912078030685638
srsf1,550.0969696969697,332.0181818181818,0.7284237077737183
srsf1,318.37704918032784,252.5655737704918,0.3340783358080127
srsf1,483.9157303370786,378.52247191011236,0.35437688487110414
srsf1,457.21374045801525,288.7328244274809,0.663133632064034
srsf1,329.46153846153845,294.3021978021978,0.16281173783863623
srsf1,722.2847222222222,397.36805555555554,0.8620917558949687
srsf1,679.1572327044025,309.6981132075472,1.1328830199986695
srsf1,789.8661971830986,408.98591549295776,0.9495571213719933
srsf1,581.7697368421053,392.9078947368421,0.5662570943427602
srsf1,518.9425287356322,372.7068965517241,0.4775332585813988
srsf1,651.536,432.448,0.5913182303886304
srsf1,441.3125,343.3888888888889,0.3619572531634345
srsf1,555.4931506849315,313.36986301369865,0.825902681526123
srsf1,485.82608695652175,367.5913043478261,0.4023373201412909
srsf1,660.607476635514,369.2803738317757,0.8390767083033355
srsf1,669.3363636363637,356.57272727272726,0.9085350334270743
srsf1,493.09285714285716,284.25714285714287,0.7946627525260446
srsf1,775.8676470588235,404.63235294117646,0.9391988911778073
srsf1,633.0065359477125,381.8627450980392,0.7291662198204284
srsf1,523.2598425196851,329.20472440944883,0.6685425038440342
srsf1,177.4125,211.80625,-0.25563749957712156
srsf1,440.10370370370373,312.36296296296297,0.4946201102915584
srsf1,729.3591549295775,413.78169014084506,0.8177596018322051
srsf1,392.025,285.8333333333333,0.45577148945466794
srsf1,493.92814371257487,385.74251497005986,0.3566630122017692
srsf1,506.8521126760563,345.90140845070425,0.5512039765923346
srsf1,674.034965034965,393.006993006993,0.778268448579074
srsf1,557.4761904761905,325.85714285714283,0.7746705700994146
srsf1,470.81182795698925,309.3709677419355,0.6058127483948343
srsf1,854.2101910828026,415.11464968152865,1.0410812634942115
srsf1,421.89444444444445,236.0222222222222,0.8379593899223631
srsf1,458.73636363636365,306.8636363636364,0.580067577964138
srsf1,303.11009174311926,235.92660550458714,0.36150376514415594
srsf1,487.4230769230769,306.33516483516485,0.6700635703782506
srsf1,346.93333333333334,298.425,0.2172900615817454
srsf1,727.3248407643312,393.38216560509557,0.8866682973763088
srsf1,451.4852941176471,332.80882352941177,0.43998531351967507
srsf1,510.59537572254334,339.4508670520231,0.5889777014620691
srsf1,469.8695652173913,339.4927536231884,0.4688795424401864
srsf1,522.6959459459459,445.81081081081084,0.22954036768278008
srsf1,481.376,369.432,0.381855377851659
srsf1,577.0162601626016,430.3414634146341,0.4231301235013658
srsf1,637.2910052910053,354.4021164021164,0.8465650793947714
srsf1,594.3529411764706,351.13235294117646,0.7593049621165442
srsf1,606.1061946902655,334.7787610619469,0.8563625838964818
srsf1,373.1186440677966,296.83898305084745,0.32995388124298436
srsf1,558.3255813953489,398.13953488372096,0.4878325223097791
srsf1,355.1732283464567,282.3070866141732,0.33125749623533474
srsf1,401.23214285714283,292.23214285714283,0.45732231531963285
srsf1,430.4251968503937,371.3307086614173,0.21305790542975364
srsf1,454.0,282.9469696969697,0.6821606109757525
srsf1,485.5103448275862,354.53793103448277,0.45356204996777744
srsf1,473.83185840707966,325.62831858407077,0.5411490319806506
srsf1,550.1164021164021,366.3121693121693,0.5866632887818444
srsf1,389.12598425196853,256.0314960629921,0.6039160246031285
srsf1,349.80555555555554,277.0,0.3366672258175856
srsf1,450.1063829787234,302.3333333333333,0.5741259737587091
srsf1,500.8709677419355,383.86290322580646,0.38384784641359454
srsf1,529.4,309.875,0.7726718285213139
srsf1,615.9885057471264,408.7471264367816,0.5916948424489357
srsf1,255.01973684210526,271.05263157894734,-0.08796410727377216
srsf1,565.2452830188679,489.61006289308176,0.20724383785115263
srsf1,443.2578125,296.03125,0.5823965797431155
srsf1,639.0079365079365,414.41269841269843,0.6247656389328576
srsf1,465.37391304347824,282.2,0.7216723534964541
srsf1,695.7647058823529,431.8692810457516,0.688004796107388
srsf1,707.0166666666667,396.1111111111111,0.8358390543036825
srsf1,492.42,232.66666666666666,1.08162482341739
srsf1,458.1860465116279,293.1007751937984,0.6445367401449291
srsf1,415.89629629629627,281.6222222222222,0.5624626588077973
srsf1,463.06779661016947,320.09322033898303,0.5327313098242283
srsf1,363.11475409836066,261.0382513661202,0.47616432269227127
srsf1,663.3642857142858,468.64285714285717,0.501312448291722
srsf1,474.0175438596491,308.5175438596491,0.619587925081309
srsf1,508.734375,310.5546875,0.7120652359526412
srsf1,510.9655172413793,284.0344827586207,0.8471598449855775
srsf1,435.4568965517241,264.3534482758621,0.7200617759339724
srsf1,557.4036697247707,270.4770642201835,1.0432162383042973
srsf1,461.22222222222223,287.2307692307692,0.6832517210761857
srsf1,441.9913043478261,276.6,0.676216830101889
srsf1,477.4940476190476,409.5297619047619,0.22151444762930794
srsf1,377.0689655172414,358.6666666666667,0.07218474297241545
srsf1,499.515625,316.8125,0.6569005478464817
srsf1,489.8130841121495,339.4859813084112,0.5288793111177121
srsf1,436.71875,290.9453125,0.5859564702235578
srsf1,482.85714285714283,289.6386554621849,0.7373422605555932
srsf1,612.75,440.51875,0.4760951525540843
srsf1,530.1046511627907,365.0,0.5383807349467513
srsf1,968.3161764705883,524.0514705882352,0.8857696805804354
srsf1,664.6588235294117,429.2352941176471,0.6308452724502295
srsf1,774.8076923076923,498.12307692307695,0.6373360277412917
srsf1,608.6845238095239,394.61309523809524,0.6252558521446022
srsf1,214.61475409836066,258.88524590163934,-0.2705634868078595
srsf1,414.6864406779661,269.66101694915255,0.6208738990220039
srsf1,366.7241379310345,301.36206896551727,0.28319738486221824
srsf1,548.9693251533743,445.7361963190184,0.30053541701580827
srsf1,506.7102803738318,343.21495327102804,0.5620486893366026
srsf1,541.75,351.8787878787879,0.6225487008254652
srsf1,285.2265625,277.5625,0.03929567674848443
srsf1,407.3602941176471,299.34558823529414,0.444493358078098
srsf1,603.5155279503106,418.9006211180124,0.5267828674575057
srsf1,509.44594594594594,289.0743243243243,0.8174886054974408
srsf1,717.0247933884298,409.0330578512397,0.8098055597253081
srsf1,459.5974025974026,369.53246753246754,0.3146695179273791
srsf1,490.96610169491527,285.70338983050846,0.7811052646705725
srsf1,416.9076923076923,323.7153846153846,0.3650020599196113
srsf1,252.75177304964538,325.0921985815603,-0.363127722641331
srsf1,656.2244897959183,515.952380952381,0.34695151470864605
srsf1,619.1824817518249,491.8321167883212,0.33219870810605934
srsf1,484.86764705882354,330.81617647058823,0.5515612105796979
srsf1,604.260606060606,444.630303030303,0.44256461441465256
srsf1,607.4674556213017,388.6686390532544,0.6442664160369168
srsf1,393.62280701754383,244.859649122807,0.6848587656378949
srsf1,803.76875,444.18125,0.8556319930442321
srsf1,619.5568181818181,493.70454545454544,0.3275886670055187
srsf1,369.8421052631579,283.9548872180451,0.3812477374466272
srsf1,509.57142857142856,407.12605042016804,0.3238088517314197
srsf1,415.06293706293707,330.53846153846155,0.3285119587561325
srsf1,607.6081871345029,450.3157894736842,0.4322042454238246
srsf1,298.6290322580645,268.2096774193548,0.15499313605086157
srsf1,371.0689655172414,274.7155172413793,0.43374894277098014
srsf1,443.0,361.4026845637584,0.29369947594126633
srsf1,418.646017699115,303.4778761061947,0.46413955564230325
srsf1,742.7,417.95882352941175,0.8294187604444551
srsf1,508.57971014492756,423.6521739130435,0.26359363459126883
srsf1,304.98639455782313,388.2857142857143,-0.3483737434456531
srsf1,654.4640522875817,497.08496732026146,0.3968214770801211
srsf1,727.0826446280992,557.4297520661157,0.38332935253202144
srsf1,525.5030674846626,407.87116564417175,0.36558566581154023
srsf1,687.8317757009346,392.1121495327103,0.8107894212297226
srsf1,411.7733333333333,398.9266666666667,0.04572683817968005
srsf1,434.2142857142857,476.57142857142856,-0.13428526999802226
srsf1,373.75454545454545,331.04545454545456,0.17506180350414258
srsf1,547.5723684210526,340.76973684210526,0.6842524291461086
srsf1,413.64406779661016,389.49152542372883,0.08679795374757066
srsf1,665.0639534883721,407.23837209302326,0.7076195729137489
srsf1,477.0232558139535,293.5581395348837,0.7004133430584567
srsf1,870.9925373134329,519.9328358208955,0.7443350878180224
srsf1,365.406015037594,299.76691729323306,0.2856592085382532
srsf1,686.2585034013606,479.9251700680272,0.5159426422449486
srsf1,715.1149425287356,397.0287356321839,0.8489317204853969
srsf1,269.54605263157896,242.19736842105263,0.1543485925564036
srsf1,632.7154471544716,354.7886178861789,0.8345970916178277
srsf1,366.4039735099338,246.26490066225165,0.5732241291488277
srsf1,654.187969924812,420.0,0.6393159015852481
srsf1,464.12422360248445,434.4472049689441,0.09533012866205448
srsf1,441.2439024390244,272.4146341463415,0.6957721347013779
srsf1,580.5496688741722,375.6092715231788,0.6281868271604509
srsf1,655.2805755395683,461.9640287769784,0.5043322472653601
srsf1,494.18939393939394,368.7348484848485,0.422480279098619
srsf1,748.192,490.784,0.6083203234263068
srsf1,406.38461538461536,309.4846153846154,0.3929780924150415
srsf1,494.8979591836735,380.1020408163265,0.38074432172496625
srsf1,720.965034965035,397.6223776223776,0.858530341981741
srsf1,440.14159292035396,289.85840707964604,0.6026193810698716
srsf1,656.5227272727273,391.0,0.7476763471592119
srsf1,728.6850393700787,467.8582677165354,0.6392238229143428
srsf1,369.99107142857144,238.36607142857142,0.6343115562959051
srsf1,594.439393939394,396.56060606060606,0.5839883587321478
srsf1,333.50467289719626,233.92523364485982,0.5116594814579588
srsf1,381.6666666666667,294.0,0.37649703742678586
srsf1,525.2025316455696,402.45569620253167,0.38404389569023306
srsf1,641.2201257861635,445.52830188679246,0.5253026267512185
srsf1,756.5503355704698,441.3489932885906,0.7775161655192401
srsf1,543.4758620689655,318.7655172413793,0.7697203879529408
srsf1,451.42857142857144,271.10084033613447,0.7356681461019013
srsf1,575.476821192053,455.3377483443709,0.3378207548659086
srsf1,451.32954545454544,299.0681818181818,0.5937067962438185
srsf1,357.4573643410853,385.2093023255814,-0.10787136791628713
srsf1,428.25308641975306,321.4938271604938,0.41367260648385684
srsf1,426.29447852760734,322.0920245398773,0.40437743131068393
srsf1,532.046875,301.109375,0.8212657304098818
srsf1,541.5641025641025,342.1730769230769,0.6624058641603011
srsf1,328.1012658227848,322.09493670886076,0.026655177902387254
srsf1,457.03370786516854,291.6292134831461,0.6481653265714238
srsf1,543.0446428571429,260.58035714285717,1.0593424686875368
srsf1,249.19753086419752,197.64197530864197,0.3344003938985957
srsf1,222.19354838709677,261.75,-0.23637260992083964
srsf1,263.89261744966444,317.5973154362416,-0.2672477268324151
srsf1,241.87700534759358,229.13368983957218,0.07808402670325569
srsf1,505.96449704142015,318.8639053254438,0.6660953591763812
srsf1,257.5725806451613,261.81451612903226,-0.023566066234786274
srsf1,251.50292397660817,270.8187134502924,-0.10675225900885324
srsf1,245.18333333333334,262.725,-0.0996925756341196
srsf1,802.3083333333333,434.34166666666664,0.8853264241068551
srsf1,309.0833333333333,342.7013888888889,-0.14895617676869818
srsf1,247.6772151898734,299.2848101265823,-0.27305790283887893
srsf1,319.78991596638656,207.18487394957984,0.6262057672839763
srsf1,271.3862068965517,358.70344827586206,-0.4024442160503464
srsf1,329.8666666666667,322.85714285714283,0.03098705412290527
srsf1,381.9,255.85,0.5778966866124727
srsf1,478.71844660194176,297.6504854368932,0.6855581516778045
srsf1,231.54,291.55,-0.33248187304810356
srsf1,833.9082568807339,425.1559633027523,0.9718964995861415
srsf1,354.17910447761193,254.2537313432836,0.4782101530976014
srsf1,405.6422764227642,242.0487804878049,0.7449101937228851
srsf1,319.05309734513276,223.50442477876106,0.5134931465471084
srsf1,419.8562874251497,329.2754491017964,0.3506006443453743
srsf1,602.1231884057971,373.536231884058,0.6888104913607426
srsf1,630.0266666666666,330.16,0.9322475503193507
srsf1,670.5754716981132,424.3867924528302,0.6600199550748621
srsf1,590.2076923076924,352.7153846153846,0.7427182197561404
srsf1,373.24271844660194,222.15533980582524,0.7485452963440483
srsf1,270.86805555555554,314.2638888888889,-0.2143862445906728
srsf1,318.35897435897436,239.5811965811966,0.4101397502297169
srsf1,366.2028985507246,263.8550724637681,0.47289749153788685
srsf1,739.2977099236641,420.98473282442745,0.8123875300561628
srsf1,566.9559748427673,382.3647798742138,0.568287070747198
srsf1,261.8267716535433,324.8346456692913,-0.31109289362378406
srsf1,592.2981366459627,339.0496894409938,0.8048268243734146
srsf1,432.1648936170213,282.3404255319149,0.6141461725969299
srsf1,404.7016129032258,327.3790322580645,0.3058966747009679
srsf1,384.51666666666665,241.44166666666666,0.671371462472915
srsf1,289.69767441860466,201.95348837209303,0.5205250371161355
srsf1,719.4477611940298,402.85820895522386,0.8366177839606839
srsf1,562.9935483870968,303.3483870967742,0.8921427492839055
srsf1,540.7132352941177,437.7867647058824,0.30463533117144775
srsf1,300.140350877193,247.0438596491228,0.28087009033339533
srsf1,356.5763888888889,333.2916666666667,0.09742593041861615
srsf1,266.59842519685037,272.11811023622045,-0.02956471683319324
srsf1,436.5045045045045,329.7477477477477,0.40463373623606524
srsf1,585.7478260869565,292.61739130434785,1.0012641781760228
srsf1,287.9344262295082,257.8688524590164,0.15910276882349228
srsf1,381.89830508474574,334.95762711864404,0.18920991410645271
srsf1,324.6984126984127,220.38888888888889,0.5590488410387642
srsf1,316.8434782608696,231.01739130434783,0.455768856382908
srsf1,254.29007633587787,334.3206106870229,-0.39475713708822663
srsf1,308.05785123966945,323.41322314049586,-0.07017736133896892
srsf1,250.9009900990099,298.65346534653463,-0.25135429792297
srsf1,787.9318181818181,417.2121212121212,0.9172897219690892
srsf1,336.12931034482756,256.0948275862069,0.3923382358334184
srsf1,560.4906832298136,325.54658385093165,0.7838263924391167
srsf1,338.9339622641509,251.27358490566039,0.43174519059963
srsf1,608.4647887323944,416.07042253521126,0.5483460437500156
srsf1,383.355421686747,318.2469879518072,0.26853572380778423
srsf1,356.3525641025641,342.79487179487177,0.055959778265685454
srsf1,361.08620689655174,399.78735632183907,-0.1468895341736373
srsf1,335.44954128440367,279.22935779816515,0.2646451383227285
srsf1,364.50943396226415,282.4056603773585,0.3681871483439956
srsf1,356.51234567901236,332.91358024691357,0.098804314422069
srsf1,414.0921052631579,339.0328947368421,0.2885264398042301
srsf1,300.33142857142855,387.74285714285713,-0.3685447492190343
srsf1,443.6509433962264,257.52830188679246,0.7846940457554078
srsf1,360.8992248062016,253.71317829457365,0.5083975870149108
srsf1,678.432,402.712,0.7524557576416566
srsf1,378.1,335.38461538461536,0.17295133757667555
srsf1,335.1707317073171,267.7723577235772,0.32388913510119194
srsf1,279.4782608695652,360.85714285714283,-0.3686917441118672
srsf1,330.0817610062893,360.8930817610063,-0.12874806413818923
srsf1,1112.6,439.43333333333334,1.340218795660294
srsf1,369.1297709923664,263.618320610687,0.4856774618596213
srsf1,263.1023622047244,269.6929133858268,-0.03569341147247692
srsf1,476.734375,459.3125,0.053709608446685105
srsf1,372.9240506329114,368.9177215189873,0.015582749729876338
srsf1,291.26,273.9,0.08865831746694565
srsf1,367.26056338028167,358.64084507042253,0.03426418313660636
srsf1,752.8482758620689,338.80689655172415,1.15189590121822
srsf1,461.6896551724138,309.2068965517241,0.5783509095737607
srsf1,280.1151079136691,352.59712230215825,-0.3320009034667436
srsf1,399.8494623655914,318.4516129032258,0.32838276907200714
srsf1,277.09708737864077,318.9611650485437,-0.2029892336441697
srsf1,384.3884892086331,391.76258992805754,-0.02741450458273409
srsf1,421.37410071942446,304.8848920863309,0.46683698079216057
srsf1,298.1509433962264,313.30817610062894,-0.07153951713608848
srsf1,274.3587786259542,331.35114503816794,-0.2722971666001597
srsf1,734.8562091503268,351.9281045751634,1.062181251750398
srsf1,246.9496402877698,261.431654676259,-0.0822169689015989
srsf1,464.20183486238534,281.0366972477064,0.7239936980969209
srsf1,440.12142857142857,352.6714285714286,0.3195769136088023
srsf1,304.2016129032258,269.4032258064516,0.17526067679107799
srsf1,371.7720588235294,354.8970588235294,0.06701772782668665
srsf1,445.578431372549,234.80392156862746,0.9242228956435735
srsf1,288.0077519379845,348.8837209302326,-0.2766386389339085
srsf1,544.8654970760234,338.7309941520468,0.6857601363521282
srsf1,276.4237288135593,274.49152542372883,0.010119856573349274
srsf1,531.2058823529412,339.6617647058824,0.6451722975720516
srsf1,518.0472440944882,268.07086614173227,0.9504692364549538
srsf1,434.0081967213115,256.22131147540983,0.7603318114685206
srsf1,800.8515625,394.890625,1.0200817469528003
srsf1,282.3851851851852,338.25925925925924,-0.26046502373552866
srsf1,354.4660194174757,313.56310679611653,0.17689150652015379
srsf1,337.55970149253733,284.32835820895525,0.24758468566158526
srsf1,367.2156862745098,387.359477124183,-0.07704534966822257
srsf1,600.375,296.6517857142857,1.0170934362441182
srsf1,368.08490566037733,300.10377358490564,0.29457712935200425
srsf1,671.5514705882352,400.44117647058823,0.7459076473269104
srsf1,364.51428571428573,295.0761904761905,0.30488784120564283
srsf1,588.0347826086957,301.09565217391304,0.9656796181858728
srsf1,299.12068965517244,283.37931034482756,0.07799327233698869
srsf1,194.20535714285714,248.52678571428572,-0.35581835296070224
srsf1,291.02919708029196,351.51824817518246,-0.2724356884101316
srsf1,660.6304347826087,381.5289855072464,0.7920507695045761
srsf1,381.22222222222223,279.29411764705884,0.44884703072377496
srsf1,754.512987012987,384.22727272727275,0.9735858071079077
srsf1,206.60550458715596,262.1284403669725,-0.34339519902389837
srsf1,554.4893617021277,404.1223404255319,0.456367673612098
srsf1,634.6162790697674,393.6686046511628,0.6889028683624036
srsf1,294.43283582089555,250.15671641791045,0.23510638546575408
srsf1,704.6837606837607,483.3333333333333,0.5439574733884839
srsf1,346.61538461538464,316.3173076923077,0.13196319346296262
srsf1,500.71875,321.2875,0.6401356273791182
srsf1,465.9512195121951,255.1869918699187,0.8686241371229303
srsf1,430.08196721311475,273.28688524590166,0.6541954141085448
srsf1,297.70535714285717,287.04464285714283,0.052610052092883094
srsf1,580.4857142857143,308.76190476190476,0.9107657999359877
srsf1,266.0701754385965,248.09649122807016,0.10090547197110711
srsf1,371.3185840707965,314.2212389380531,0.2408768232255292
srsf1,437.86821705426354,277.86046511627904,0.6561361568109081
srsf1,328.5151515151515,269.8712121212121,0.28368882201639495
srsf1,458.421768707483,275.9183673469388,0.7324340565461248
srsf1,491.3628318584071,301.6637168141593,0.7038475481082329
srsf1,544.0425531914893,350.6595744680851,0.6336483785395243
srsf1,631.5505617977528,363.91011235955057,0.7953160990343636
srsf1,579.6287878787879,388.00757575757575,0.579044428682133
srsf1,580.3611111111111,425.77777777777777,0.4468501958868209
srsf1,732.4718309859155,442.943661971831,0.7256500642102538
srsf1,858.0326797385621,421.4313725490196,1.0257348799697914
srsf1,684.0441176470588,407.97058823529414,0.7456242272556236
srsf1,380.1101694915254,300.8728813559322,0.33726354590080954
srsf1,490.6666666666667,401.86821705426354,0.28802078349009086
srsf1,693.1735537190083,474.495867768595,0.5468210898379127
srsf1,402.78125,318.3671875,0.339304873301896
srsf1,440.02777777777777,317.4375,0.4711220312653863
srsf1,498.01769911504425,340.6371681415929,0.5479611541000342
srsf1,780.25,485.01666666666665,0.6859021285473704
srsf1,385.5940594059406,324.0495049504951,0.2508685950285104
srsf1,1059.0901639344263,438.5327868852459,1.2720688012274253
srsf1,573.4776119402985,431.55970149253733,0.4101770117504623
srsf1,835.5801526717557,487.58015267175574,0.7771388237014469
srsf1,528.430894308943,454.1951219512195,0.2184026035100083
srsf1,509.94573643410854,367.3643410852713,0.4731321420710155
srsf1,822.6083333333333,468.8333333333333,0.8111305401395563
srsf1,540.439024390244,299.6260162601626,0.8509689563729101
srsf1,881.2058823529412,560.3014705882352,0.6532758464329742
srsf1,540.575,366.7083333333333,0.559861741802947
srsf1,425.8581560283688,289.7163120567376,0.5557320647727524
srsf1,892.4859813084112,593.5700934579439,0.5884111034548923
srsf1,676.9124087591241,407.88321167883214,0.7308130361879684
srsf1,756.5276073619632,408.9509202453988,0.8874650202889482
srsf1,497.1111111111111,394.1025641025641,0.334997213900921
srsf1,431.9514563106796,318.378640776699,0.4401256357996115
srsf1,792.3706293706293,423.45454545454544,0.9039682893570712
srsf1,441.6909090909091,314.6909090909091,0.4891016369242647
srsf1,461.9908256880734,371.04587155963304,0.3162666475932411
srsf1,368.1703703703704,355.77037037037036,0.04942716247776995
srsf1,511.9099099099099,334.0810810810811,0.615691649732547
srsf1,281.3359375,251.1875,0.1635291801960539
srsf1,815.6186440677966,571.1525423728814,0.5140186446209717
srsf1,270.017094017094,243.04273504273505,0.15184073291921774
srsf1,426.25233644859816,331.97196261682245,0.36064634120568223
srsf1,449.85263157894735,351.0210526315789,0.3578949031780744
srsf1,492.4,254.6,0.9515983425830993
srsf1,395.4234234234234,324.8738738738739,0.2835186057030852
srsf1,329.6666666666667,361.859649122807,-0.13442222185999889
srsf1,756.9699248120301,463.97744360902254,0.7061813115610944
srsf1,900.6488549618321,464.7328244274809,0.954563190538269
srsf1,547.7438016528926,325.68595041322317,0.7500197681150484
srsf1,686.4702702702702,394.92972972972973,0.7976012654813134
srsf1,270.8217054263566,217.30232558139534,0.3176397561790817
srsf1,592.4256756756756,480.89864864864865,0.30090129608768035
srsf1,723.578947368421,429.593984962406,0.7521766398438358
srsf1,646.0181818181818,520.3151515151516,0.3121890502968393
srsf1,411.30973451327435,359.7787610619469,0.19311519465467522
srsf1,509.4406779661017,261.2542372881356,0.9634597244555614
srsf1,387.70093457943926,373.68224299065423,0.05313220289685103
srsf1,700.4318181818181,372.3333333333333,0.9116498418915115
srsf1,348.60377358490564,284.04716981132077,0.2954576581821476
srsf1,453.03053435114504,279.90076335877865,0.6946928699876548
srsf1,673.9612903225807,443.0451612903226,0.6052119653681038
srsf1,488.0272727272727,369.27272727272725,0.40227505716829837
srsf1,334.6044776119403,333.6641791044776,0.004059938694705772
srsf1,452.2325581395349,319.27131782945736,0.502281909292581
srsf1,727.0222222222222,474.7481481481482,0.6148370894965679
srsf1,772.1830985915493,319.0211267605634,1.2752910094062253
srsf1,400.22222222222223,498.84343434343435,-0.3177858115364485
srsf1,598.1052631578947,349.2543859649123,0.7761211797413686
srsf1,880.25,606.2321428571429,0.5380429752264233
srsf1,414.104,300.712,0.4616106981301799
srsf1,559.8347826086956,332.0086956521739,0.7537800967813039
srsf1,230.365,186.745,0.302851924605238
srsf1,504.61538461538464,337.5692307692308,0.5800007823302841
srsf1,520.6355140186915,380.7102803738318,0.4515801976760393
srsf1,637.4144736842105,475.32894736842104,0.4233055146243381
srsf1,513.8571428571429,338.95238095238096,0.6002847273467506
srsf1,436.5374149659864,362.59183673469386,0.2677588652603885
srsf1,570.9109589041096,345.5,0.7245800451945404
srsf1,506.025,385.10833333333335,0.393944320704378
srsf1,481.75308641975306,311.7901234567901,0.6277186807226178
srsf1,488.2755905511811,404.9212598425197,0.270054266069064
srsf1,713.7310924369748,519.1848739495798,0.4591322701763913
srsf1,477.6120218579235,294.46994535519127,0.6977187557837978
srsf1,410.9298245614035,367.4970760233918,0.16115927131928048
srsf1,650.0096153846154,480.03846153846155,0.43731105785907576
srsf1,429.8904109589041,366.4246575342466,0.23045234136588227
srsf1,510.1574074074074,351.18518518518516,0.5387104688417845
srsf1,404.3284671532847,292.963503649635,0.4648068315550149
srsf1,281.008064516129,210.1451612903226,0.4192252962422772
srsf1,721.5866666666667,402.02,0.8439054055192303
srsf1,447.94267515923565,351.03821656050957,0.35168601590249166
srsf1,339.4,319.4076923076923,0.08758750723309947
srsf1,426.4102564102564,401.4166666666667,0.08714162144656173
srsf1,285.89719626168227,212.14953271028037,0.43041497091834474
srsf1,761.9731543624162,383.4563758389262,0.9906777120271059
srsf1,1040.1869158878505,501.85046728971963,1.0515133320160397
srsf1,706.8376068376068,455.38461538461536,0.634293246987375
srsf1,379.5816326530612,342.85714285714283,0.14680260568324152
srsf1,495.7517730496454,364.09929078014187,0.4452860016472898
srsf1,332.34751773049646,303.4468085106383,0.13124893138340862
srsf1,374.55405405405406,237.77702702702703,0.6555646023920663
srsf1,572.7,332.56666666666666,0.7841360296804305
srsf1,390.984126984127,290.62698412698415,0.42794137826725676
srsf1,396.6034482758621,391.23275862068965,0.01967004636789721
srsf1,363.10370370370373,236.82962962962964,0.6165320588133806
srsf1,801.7795275590552,481.90551181102364,0.7344552784923069
srsf1,591.9219858156029,407.5390070921986,0.5384688922147137
srsf1,409.5390070921986,389.2340425531915,0.07336297555692162
srsf1,276.86725663716817,287.05309734513276,-0.052123177332053704
srsf1,437.6666666666667,311.0817610062893,0.4925386995078296
srsf1,301.016,277.024,0.11982920334734153
srsf1,408.73333333333335,277.1904761904762,0.560282214231093
srsf1,357.2923076923077,258.16153846153844,0.4688307734107083
srsf1,413.0344827586207,325.73793103448276,0.34255050580535334
srsf1,356.51785714285717,249.20535714285714,0.516639257520545
pim2,299.1391304347826,298.6347826086957,0.0024344330334709102
pim2,196.56363636363636,261.8454545454546,-0.41371910837371767
pim2,190.6283185840708,257.3274336283186,-0.43284281753970777
pim2,219.38679245283018,294.3018867924528,-0.4238201164648397
pim2,216.48809523809524,393.2083333333333,-0.8610062045026212
pim2,313.81666666666666,326.3833333333333,-0.05664541315552858
pim2,272.27272727272725,216.28787878787878,0.3320996632597366
pim2,242.62727272727273,281.5272727272727,-0.21453296204261693
pim2,312.9741935483871,346.1290322580645,-0.14526625159808684
pim2,320.1506849315069,345.7260273972603,-0.11087812206311667
pim2,212.15573770491804,261.75409836065575,-0.30308842950814663
pim2,168.36477987421384,335.3522012578616,-0.9940866984908135
pim2,240.1602564102564,244.32051282051282,-0.024777573034396663
pim2,219.6917808219178,247.96575342465752,-0.17465998740214245
pim2,210.21022727272728,230.0625,-0.13019298274640437
pim2,357.3333333333333,316.6857142857143,0.17421871120016563
pim2,293.2028985507246,366.463768115942,-0.32177120191739783
pim2,230.5983606557377,271.3114754098361,-0.2345678124655931
pim2,304.3541666666667,293.55555555555554,0.05211755669176796
pim2,319.2189349112426,313.2544378698225,0.027211281217964758
pim2,203.768,266.088,-0.3849759428371372
pim2,228.9724770642202,279.23853211009174,-0.2863238386934953
pim2,222.54375,237.1875,-0.09193899634372069
pim2,363.6865671641791,371.9776119402985,-0.03252015251926347
pim2,228.53691275167785,246.60402684563758,-0.10976915312591622
pim2,262.9513888888889,247.89583333333334,0.08506209442708823
pim2,389.0,367.2720588235294,0.08292101174211067
pim2,248.01081081081082,240.31351351351353,0.04548523157225562
pim2,324.4569536423841,365.27152317880797,-0.17094219891518653
pim2,202.75,260.3203125,-0.3605859735564123
pim2,273.8181818181818,246.13333333333333,0.1537781939973753
pim2,366.06666666666666,288.6333333333333,0.3428684889102904
pim2,242.9527027027027,249.52702702702703,-0.038520605030159194
pim2,212.39743589743588,246.85256410256412,-0.2168832809370268
pim2,253.2594936708861,249.77215189873417,0.020003716781147953
pim2,313.3666666666667,295.14166666666665,0.08644411827668182
pim2,254.26143790849673,246.4967320261438,0.044744154992761
pim2,225.63636363636363,241.16883116883116,-0.0960438726348224
pim2,304.84276729559747,328.0566037735849,-0.10587944583023652
pim2,377.7079646017699,394.07964601769913,-0.06121603132073722
pim2,277.80232558139534,341.63953488372096,-0.29841625811593786
pim2,352.9867549668874,286.79470198675494,0.29959567752410615
pim2,236.88275862068966,252.75172413793103,-0.09354773681426543
pim2,573.3801652892562,380.0165289256198,0.5934298285222548
pim2,229.2520325203252,274.6910569105691,-0.2608754168654983
pim2,291.70866141732284,263.87401574803147,0.14467893107211247
pim2,238.16901408450704,255.3661971830986,-0.10058183815573266
pim2,229.0211267605634,252.45774647887325,-0.1405612557794096
pim2,214.11920529801324,247.91390728476821,-0.21142500167520573
pim2,240.9322033898305,281.7457627118644,-0.22576667385986082
pim2,270.51428571428573,257.34285714285716,0.0720130446318897
pim2,249.8029197080292,260.6350364963504,-0.06124069538880561
pim2,230.23741007194243,257.9424460431655,-0.16392692867247452
pim2,201.94615384615383,262.04615384615386,-0.37585026459478094
pim2,297.92121212121214,345.76969696969695,-0.21488058990428868
pim2,204.7910447761194,264.6641791044776,-0.3700103172141321
pim2,221.44444444444446,244.76470588235293,-0.14445073839767367
pim2,212.85714285714286,246.05194805194805,-0.20907743515674765
pim2,250.95726495726495,288.4786324786325,-0.20102275160696365
pim2,234.67407407407407,263.6148148148148,-0.16777298319813008
pim2,216.4625,246.30625,-0.18633612269791408
pim2,217.70700636942675,256.7261146496815,-0.23784221905753686
pim2,233.90196078431373,269.1503267973856,-0.2025082212962784
pim2,228.3362831858407,293.14159292035396,-0.3604375564243312
pim2,201.85526315789474,244.58552631578948,-0.27701782890883137
pim2,222.83076923076922,270.5230769230769,-0.27980320947305365
pim2,185.9,279.73333333333335,-0.5895254069366298
pim2,226.42512077294685,301.0096618357488,-0.4107757683936681
pim2,263.04651162790697,360.3837209302326,-0.45421592593349774
pim2,218.2214765100671,250.73825503355704,-0.2003890312694049
pim2,215.57142857142858,290.07563025210084,-0.4282631186642134
pim2,271.2342857142857,338.3542857142857,-0.3189951066457654
pim2,256.1034482758621,354.5977011494253,-0.4694565052306173
pim2,248.009900990099,294.8712871287129,-0.24968763120963658
pim2,228.78169014084506,263.48591549295776,-0.2037542504376613
pim2,269.94827586206895,365.2471264367816,-0.4361899203040767
pim2,226.3177570093458,301.69158878504675,-0.4147246908002927
pim2,218.52,331.94,-0.6031571618416174
pim2,221.696,279.288,-0.3331708472469979
pim2,396.61764705882354,330.75882352941176,0.26196922684464735
pim2,228.22314049586777,280.12396694214874,-0.29562034337966553
pim2,209.33802816901408,260.53521126760563,-0.3156439513878814
pim2,268.9144385026738,359.11229946524065,-0.41728784743059294
pim2,263.7931034482759,366.88505747126436,-0.4759213000001239
pim2,227.73076923076923,320.0576923076923,-0.49100275243141056
pim2,219.1418439716312,266.709219858156,-0.2834027126159781
pim2,259.5904255319149,361.74468085106383,-0.47873462987700616
pim2,206.4,260.4214285714286,-0.33540519364789084
pim2,212.775,290.45,-0.4489611785250616
pim2,415.6604938271605,369.0679012345679,0.17151936627931277
pim2,246.1596638655462,263.8487394957983,-0.10011671248796002
pim2,202.24031007751938,272.14728682170545,-0.4283170725666415
pim2,234.68217054263565,281.38759689922483,-0.2618504978913491
pim2,244.12244897959184,352.4829931972789,-0.5299486828309156
pim2,202.90178571428572,309.89285714285717,-0.6109879398565554
pim2,214.17482517482517,270.56643356643355,-0.33719395901829324
pim2,284.2245989304813,329.951871657754,-0.2152241798444039
pim2,225.73972602739727,267.8013698630137,-0.2465030117992052
pim2,244.25,304.469696969697,-0.31794008561926895
pim2,249.46666666666667,329.12380952380954,-0.39978334004022353
pim2,224.33333333333334,292.3492063492063,-0.3820486706722734
pim2,231.79527559055117,259.4251968503937,-0.16246744724712567
pim2,218.92537313432837,282.75373134328356,-0.3691068923033236
pim2,263.86577181208054,263.9127516778523,-0.00025684114276348734
pim2,206.24657534246575,266.513698630137,-0.3698395243997959
pim2,310.2022471910112,333.73595505617976,-0.10549798600569942
pim2,216.6578947368421,301.67543859649123,-0.4775784343377231
pim2,279.8208092485549,361.3468208092485,-0.368880946839642
pim2,258.2,291.536,-0.17518504337980093
pim2,200.54761904761904,296.9047619047619,-0.566055393952203
pim2,292.8345323741007,314.8992805755396,-0.10480476868438297
pim2,208.74305555555554,302.2708333333333,-0.534113574451592
pim2,244.59701492537314,350.5721393034826,-0.5193045494319947
pim2,226.49324324324326,310.2094594594595,-0.4537746679028097
pim2,250.651376146789,316.86238532110093,-0.33817425286117153
pim2,220.52866242038218,254.3375796178344,-0.20577846593364638
pim2,261.3833333333333,277.075,-0.08410939174894438
pim2,225.48818897637796,293.8976377952756,-0.3822618959636156
pim2,211.27564102564102,256.31410256410254,-0.27878641712509533
pim2,290.3,321.7125,-0.14822742040674503
pim2,258.30392156862746,327.2156862745098,-0.34117236416368674
pim2,257.8974358974359,335.05128205128204,-0.3775844980654892
pim2,169.29508196721312,321.6885245901639,-0.9261244090170567
pim2,204.00714285714287,282.22857142857146,-0.46824438081407566
pim2,260.0873786407767,324.2330097087379,-0.3180345863266638
pim2,203.50757575757575,291.15909090909093,-0.5167251638377144
pim2,218.30188679245282,336.1132075471698,-0.6226226347129593
pim2,219.49295774647888,268.38732394366195,-0.2901418811961225
pim2,215.0952380952381,295.2857142857143,-0.45713597570908754
pim2,217.03478260869565,291.8695652173913,-0.42739750965346274
pim2,225.50925925925927,304.74074074074076,-0.4343957157971234
pim2,221.40251572327045,251.20754716981133,-0.18220819350293524
pim2,208.53787878787878,266.3484848484849,-0.35300561562396443
pim2,211.05517241379312,283.3586206896552,-0.4250089081493748
pim2,244.58823529411765,343.5686274509804,-0.49024329272425493
pim2,203.53571428571428,269.27142857142854,-0.40377919323830724
pim2,222.91044776119404,273.5970149253731,-0.2955882528493317
pim2,279.99481865284974,368.57512953367876,-0.39655859491709716
pim2,230.49,304.89,-0.4035846730908522
pim2,216.6258064516129,267.4129032258065,-0.30386395989022247
pim2,228.80368098159508,243.1840490797546,-0.08793834037357304
pim2,268.67857142857144,227.9702380952381,0.23703577281847954
pim2,283.2013888888889,282.9375,0.0013449392945433175
pim2,249.10714285714286,332.32142857142856,-0.4158129333426015
pim2,244.981981981982,315.5405405405405,-0.36514972877590346
pim2,328.29545454545456,425.47727272727275,-0.37408729600323015
pim2,232.27433628318585,333.0,-0.5196924160138844
pim2,284.18666666666667,274.06,0.05234709127320509
pim2,222.73015873015873,309.25396825396825,-0.4734951883794599
pim2,238.1413612565445,270.1151832460733,-0.1817565215114592
pim2,245.31304347826088,329.0695652173913,-0.4237686564339278
pim2,348.6978417266187,406.9568345323741,-0.22289834296909083
pim2,339.5878378378378,439.4189189189189,-0.3718121950290102
pim2,235.14728682170542,303.3178294573643,-0.367265617963276
pim2,287.25531914893617,304.5673758865248,-0.08442780631196235
pim2,315.1418918918919,441.1081081081081,-0.4851307342563082
pim2,237.1439393939394,300.81060606060606,-0.3430924364111508
pim2,256.93700787401576,308.6692913385827,-0.26464725680209494
pim2,256.42201834862385,272.13761467889907,-0.08581623064627872
pim2,254.33928571428572,333.70535714285717,-0.39182052645595133
pim2,174.8728323699422,370.97687861271675,-1.0850230980693518
pim2,315.8695652173913,407.32919254658384,-0.36686627670261546
pim2,275.43949044585986,276.3949044585987,-0.004995601753523519
pim2,321.42753623188406,292.6376811594203,0.13537797947409289
pim2,253.87022900763358,257.80916030534354,-0.02221230334432529
pim2,171.5631067961165,334.0873786407767,-0.961486133929309
pim2,288.12820512820514,291.2564102564103,-0.015578908241098154
pim2,307.44444444444446,424.39869281045753,-0.4650944752245699
pim2,233.69767441860466,302.4573643410853,-0.37208841078539023
pim2,233.59349593495935,315.3333333333333,-0.43287757777375074
pim2,236.096,308.136,-0.38419364523354826
pim2,187.76331360946745,335.1775147928994,-0.8360101622538165
pim2,268.9130434782609,265.2782608695652,0.019633280179323427
pim2,247.7719298245614,325.56140350877195,-0.3939169197149489
pim2,301.709219858156,312.4751773049645,-0.05058280404755315
pim2,280.109375,289.0,-0.04507922284560634
pim2,301.9874213836478,396.70440251572325,-0.39357594966331394
pim2,234.11111111111111,275.4761904761905,-0.23473422384109813
pim2,319.76,301.43333333333334,0.0851505148979522
pim2,242.06569343065692,288.77372262773724,-0.25454083911896497
pim2,277.0072463768116,293.463768115942,-0.08325867805611957
pim2,215.4056603773585,270.07547169811323,-0.3263064588104841
pim2,192.54545454545453,372.7939393939394,-0.9531793403416493
pim2,256.3937007874016,299.5826771653543,-0.22459338742095566
pim2,219.44055944055944,280.7412587412587,-0.3554108977617678
pim2,251.664,267.648,-0.08883801535206808
pim2,271.9185185185185,303.3777777777778,-0.15794100615158482
pim2,283.43939393939394,300.54545454545456,-0.08454291513208001
pim2,349.0217391304348,295.9927536231884,0.23775504198074607
pim2,384.69354838709677,319.60483870967744,0.267420384360107
pim2,219.74074074074073,253.1851851851852,-0.20439061421614776
pim2,262.7983870967742,275.19354838709677,-0.0664902267564437
pim2,230.39473684210526,316.42105263157896,-0.45773783059544454
pim2,249.3904761904762,299.3904761904762,-0.26362195695689494
pim2,254.890625,265.796875,-0.06044583148911292
pim2,224.98214285714286,327.75892857142856,-0.5428245845440909
pim2,705.1951219512196,426.8373983739837,0.7243359082748841
pim2,232.135593220339,260.04237288135596,-0.16377897662372592
pim2,252.91071428571428,320.3125,-0.34085194301262556
pim2,410.7079646017699,321.56637168141594,0.35299638260812144
pim2,318.12396694214874,317.3223140495868,0.0036400913838560015
pim2,222.89285714285714,323.375,-0.5368577643881393
pim2,343.69714285714286,322.8285714285714,0.09036959099125366
pim2,245.0763358778626,257.3206106870229,-0.07033583074328917
pim2,209.19130434782608,315.68695652173915,-0.5936717699869472
pim2,282.73214285714283,350.5,-0.30997853664324065
pim2,276.98198198198196,311.01801801801804,-0.1672060313098518
pim2,228.793893129771,261.1374045801527,-0.19076057517027106
pim2,213.3,229.15833333333333,-0.10346078453329728
pim2,252.6875,456.4107142857143,-0.852978360932939
pim2,218.51612903225808,261.69354838709677,-0.26013858627970604
pim2,239.43283582089552,238.83582089552237,0.0036017870184278655
pim2,228.4909090909091,318.8272727272727,-0.48063827754914457
pim2,308.50666666666666,369.73333333333335,-0.261183450064301
pim2,234.75,289.3828125,-0.30185407961818744
pim2,246.86324786324786,302.64957264957263,-0.2939362448437185
pim2,516.8413793103448,393.5310344827586,0.39324416614019125
pim2,243.30075187969925,260.812030075188,-0.10026963739044632
pim2,236.10743801652893,270.297520661157,-0.19510478758772717
pim2,224.54014598540147,219.83211678832117,0.030571235440936314
pim2,272.65625,280.359375,-0.04019408700412947
pim2,230.325,299.68333333333334,-0.37976783863117225
pim2,250.84496124031008,283.69767441860466,-0.17755836555673826
pim2,261.64462809917353,246.93388429752065,0.08348382201869617
pim2,228.49606299212599,246.7795275590551,-0.1110534080118123
pim2,240.98058252427185,314.93203883495147,-0.38612363076455736
pim2,288.99159663865544,302.3697478991597,-0.06528626277278701
pim2,222.77966101694915,238.48305084745763,-0.09826921074337502
pim2,219.76712328767124,264.027397260274,-0.26471206290117577
pim2,240.71774193548387,263.6209677419355,-0.13112264463120432
pim2,253.34375,231.95625,0.12724351820866792
pim2,376.6474358974359,400.62820512820514,-0.08904928577753754
pim2,230.68141592920355,296.27433628318585,-0.36103188051577634
pim2,297.8776595744681,364.1170212765957,-0.2896822561717865
pim2,241.83809523809524,281.46666666666664,-0.2189225567758959
pim2,250.44444444444446,272.75396825396825,-0.12310957728636529
pim2,225.1,213.93571428571428,0.07338871163418037
pim2,220.900826446281,291.0,-0.3976203369405037
pim2,272.7692307692308,397.39102564102564,-0.5428783793093372
pim2,324.0181818181818,312.6909090909091,0.05133749396991177
pim2,246.7289719626168,294.50467289719626,-0.2553633924808651
pim2,235.28971962616822,310.33644859813086,-0.39939486228574084
pim2,223.1320754716981,285.8679245283019,-0.35745083573579206
pim2,209.44736842105263,264.5263157894737,-0.3368234949308036
pim2,362.56081081081084,382.2162162162162,-0.07616599593011142
pim2,275.97093023255815,303.4244186046512,-0.13682088684160215
pim2,399.0403225806452,295.01612903225805,0.43574070532649767
pim2,262.8203125,249.0546875,0.07761421655655167
pim2,228.41176470588235,259.8627450980392,-0.18611285755600823
pim2,211.23809523809524,245.75396825396825,-0.21834467472202307
pim2,354.9867549668874,299.71523178807945,0.2441727920016891
pim2,265.0175438596491,268.87719298245617,-0.020859518818609934
pim2,286.4931506849315,269.8835616438356,0.08616354199247066
pim2,285.12359550561797,220.51685393258427,0.3706985109000439
pim2,338.9,324.6533333333333,0.061959614708375334
pim2,291.219512195122,238.15447154471545,0.2902093850254123
pim2,257.6031746031746,261.1904761904762,-0.01995191995210379
pim2,245.67256637168143,274.716814159292,-0.16120844925673852
pim2,279.9448818897638,265.43307086614175,0.07679467380282927
pim2,315.2312925170068,313.10884353741494,0.009746499030505937
pim2,256.15686274509807,286.6470588235294,-0.1622479323517766
pim2,260.3489932885906,260.1543624161074,0.0010789287121588647
pim2,242.848,264.664,-0.12410836565838762
pim2,212.50442477876106,281.42477876106193,-0.40525647848625834
pim2,306.0357142857143,323.4428571428571,-0.07981082800483218
pim2,263.0973451327434,252.53982300884957,0.05908578619688792
pim2,329.6666666666667,363.6533333333333,-0.14155578018452414
pim2,315.030303030303,327.75757575757575,-0.05713851780998389
pim2,385.4609929078014,308.0425531914894,0.3234552131439701
pim2,265.3471074380165,337.8595041322314,-0.3485426173735857
pim2,225.75728155339806,396.66990291262135,-0.8131664170257712
pim2,326.14179104477614,237.2910447761194,0.4588416613924313
pim2,243.65833333333333,258.6333333333333,-0.0860486605646562
pim2,334.8481012658228,231.51898734177215,0.532376270681487
pim2,244.71969696969697,245.4090909090909,-0.004058467480696808
pim2,240.77777777777777,250.85714285714286,-0.05916377082639294
pim2,365.6814159292035,399.2654867256637,-0.12676105781169067
pim2,294.61006289308176,356.77358490566036,-0.2762020949311486
pim2,294.15822784810126,353.9113924050633,-0.26679581266808317
pim2,241.46218487394958,264.79831932773106,-0.13309669752878928
pim2,244.9430894308943,286.5691056910569,-0.22643649508665475
pim2,325.14619883040933,257.57894736842104,0.33607387497653013
pim2,409.4516129032258,307.3467741935484,0.41382562779904164
pim2,245.05172413793105,269.9913793103448,-0.13982704616580502
pim2,262.79640718562877,325.8383233532934,-0.3102107438571199
pim2,285.1040462427746,352.52601156069363,-0.3062411980651911
pim2,267.14166666666665,269.85833333333335,-0.014597225192626273
pim2,254.40579710144928,247.6159420289855,0.03902734419481281
pim2,332.7762237762238,275.72727272727275,0.27131038515175937
pim2,330.7037037037037,337.4074074074074,-0.02895244372281187
pim2,293.5,363.31168831168833,-0.30784727694616526
pim2,230.91056910569105,260.9105691056911,-0.17622117797538195
pim2,301.03821656050957,278.2484076433121,0.11357321623855963
pim2,318.8550724637681,254.2753623188406,0.32650915156682603
pim2,237.27966101694915,282.0762711864407,-0.2494968668288357
pim2,232.83193277310923,287.5042016806723,-0.30429410357227316
pim2,416.90285714285716,290.6114285714286,0.5206198198975928
pim2,264.3739837398374,264.1707317073171,0.0011095776960849102
pim2,218.5597014925373,273.44029850746267,-0.32319845876095804
pim2,253.24761904761905,289.16190476190474,-0.19132879359369862
pim2,263.7570093457944,310.8785046728972,-0.23714143271462465
pim2,281.4125874125874,375.04895104895104,-0.4143920462634297
pim2,243.22522522522522,292.1711711711712,-0.2645209725228516
pim2,222.91935483870967,272.2741935483871,-0.28853836545334605
pim2,246.52830188679246,293.62264150943395,-0.25220993993650237
pim2,229.74522292993632,233.6815286624204,-0.02450883690586082
pim2,239.49107142857142,312.3482142857143,-0.38318341073024786
pim2,293.0774193548387,285.27096774193546,0.03894888728691927
pim2,289.304,267.936,0.11069783517001874
pim2,338.1216216216216,334.0337837837838,0.017548251612393276
pim2,314.65269461077844,337.9940119760479,-0.103237389567837
pim2,476.69948186528495,276.9119170984456,0.7836529148796221
pim2,224.4295302013423,244.51006711409397,-0.12363134916837744
pim2,168.76582278481013,336.3354430379747,-0.9948780484990178
pim2,225.61157024793388,282.1404958677686,-0.3225726953389869
pim2,273.57547169811323,321.66037735849056,-0.2335993469556481
pim2,228.88372093023256,269.6666666666667,-0.23656234528078007
pim2,250.583850931677,300.0807453416149,-0.26005730941952554
pim2,265.827868852459,298.25409836065575,-0.1660496006231317
pim2,372.741935483871,305.61290322580646,0.2864716827736002
pim2,156.24096385542168,337.30120481927713,-1.1102647171878142
pim2,287.28688524590166,274.71311475409834,0.06456634874724075
pim2,522.4294117647058,231.26470588235293,1.1756910120846369
pim2,485.7173913043478,291.2391304347826,0.7379129367435494
pim2,372.11764705882354,315.95098039215685,0.23605806701073556
pim2,262.19565217391306,261.7391304347826,0.0025141366354880187
pim2,367.78740157480314,265.88188976377955,0.46808654855192516
pim2,406.9076086956522,220.8641304347826,0.8815421213660292
pim2,334.90140845070425,258.71830985915494,0.37235428421410854
pim2,381.81904761904764,316.96190476190475,0.2685796204071903
pim2,433.86013986013984,251.62237762237763,0.7859698155310687
pim2,245.27678571428572,265.44642857142856,-0.11401003485646741
pim2,546.9528301886793,305.5566037735849,0.8399767574966358
pim2,328.25,264.79411764705884,0.3099239378237816
pim2,477.22340425531917,221.00531914893617,1.1105837054473062
pim2,275.77372262773724,287.84671532846716,-0.06181575471610859
pim2,391.57246376811594,260.39130434782606,0.588598043892062
pim2,424.58579881656806,229.23668639053255,0.8892181706145339
pim2,273.93023255813955,302.27131782945736,-0.14203559064630172
pim2,385.7883211678832,418.985401459854,-0.11909050770001949
pim2,238.2622950819672,296.55737704918033,-0.31576059652432115
pim2,335.5759493670886,314.0506329113924,0.09564214511130213
pim2,340.20567375886526,310.64539007092196,0.1311385565890056
pim2,417.8987341772152,307.6012658227848,0.44209194851127825
pim2,261.752,307.08,-0.23041399263937354
pim2,244.83040935672514,354.1111111111111,-0.5324193523101194
pim2,325.47297297297297,403.31756756756755,-0.3093784994549875
pim2,365.4109589041096,295.17808219178085,0.3079343007600539
pim2,216.328,291.68,-0.4311660566369613
pim2,248.2233009708738,324.92233009708735,-0.3884563463880902
pim2,256.8828125,287.1875,-0.16088259068817465
pim2,243.80373831775702,325.8785046728972,-0.41861394594868734
pim2,410.4251968503937,325.03937007874015,0.3365048299279354
pim2,405.6294117647059,297.3176470588235,0.44815716860910054
pim2,168.33333333333334,443.5348837209302,-1.3977266888420625
pim2,351.1271186440678,429.91525423728814,-0.2920588765161827
pim2,278.76851851851853,330.287037037037,-0.24465270239869535
pim2,244.55737704918033,311.4836065573771,-0.3489832518416606
pim2,285.1102362204724,304.3937007874016,-0.0944186667771828
pim2,260.68518518518516,336.98148148148147,-0.37036071513397145
pim2,444.5670731707317,306.5487804878049,0.5362844338847043
pim2,247.95774647887325,269.0211267605634,-0.11762517745154467
pim2,237.04065040650406,262.9430894308943,-0.1496160909895194
pim2,279.4,272.85925925925926,0.03417501951158054
pim2,260.8532110091743,318.3669724770642,-0.2874524853251845
pim2,267.7111111111111,295.4888888888889,-0.1424268645370552
pim2,416.89204545454544,336.65909090909093,0.30838542204569885
pim2,253.1951219512195,282.520325203252,-0.15810505215220363
pim2,408.72727272727275,304.0681818181818,0.42674365346310034
pim2,241.21487603305786,305.8099173553719,-0.3423163109245191
pim2,259.9782608695652,278.42753623188406,-0.09891090794440044
pim2,243.46825396825398,292.64285714285717,-0.2654073953049473
pim2,220.5185185185185,295.8,-0.42372223813713805
pim2,248.71544715447155,297.8780487804878,-0.26022569960157416
pim2,243.39597315436242,281.5503355704698,-0.21008757069730863
pim2,267.55833333333334,302.6,-0.17755852394354804
pim2,387.4049079754601,290.15337423312883,0.4170265250609101
pim2,369.177304964539,304.177304964539,0.2794013507151942
pim2,274.41984732824426,290.9541984732824,-0.084407236605196
pim2,381.87692307692305,296.6820512820513,0.36419009108904427
pim2,458.36708860759495,335.99367088607596,0.44806940310094556
pim2,243.00763358778627,295.7251908396947,-0.28325550832159424
pim2,261.0,310.3394495412844,-0.24979729335882403
pim2,308.45569620253167,349.1645569620253,-0.17884383260180567
pim2,414.7570621468927,295.4689265536723,0.48926013130483226
pim2,257.2,308.6608695652174,-0.2631319544352639
pim2,293.27407407407406,285.2814814814815,0.03986343995651861
pim2,265.3813559322034,285.73728813559325,-0.10662229797596663
pim2,228.96875,307.21875,-0.42411555792447847
pim2,236.08264462809916,308.2314049586777,-0.3847218748513721
pim2,244.74719101123594,276.19101123595505,-0.17437406521930846
pim2,246.46666666666667,302.7583333333333,-0.29677412741524156
pim2,258.8071428571429,281.40714285714284,-0.12078151341623508
pim2,271.5326086956522,343.94565217391306,-0.3410551550965092
pim2,268.9189189189189,318.990990990991,-0.24634442476148202
pim2,255.58653846153845,324.875,-0.3460728760049539
pim2,246.95238095238096,257.42063492063494,-0.05989482679126422
pim2,266.30252100840335,277.88235294117646,-0.06140813218516541
pim2,274.0982142857143,320.55357142857144,-0.2258725532861205
pim2,262.976,300.952,-0.19460226358272553
pim2,284.3955223880597,265.07462686567163,0.10150016988979099
pim2,248.76363636363635,309.90909090909093,-0.3170694643430833
pim2,395.80116959064327,394.280701754386,0.005552776730396944
pim2,428.64150943396226,396.25786163522014,0.11333200849525674
pim2,311.0892857142857,292.38392857142856,0.08946469454851225
pim2,366.72727272727275,391.8727272727273,-0.09567761060209737
pim2,275.00757575757575,282.8484848484849,-0.0405580810760534
pim2,369.51006711409394,322.4697986577181,0.1964496210802052
pim2,329.3921568627451,289.1503267973856,0.18798647089186066
pim2,277.42748091603056,273.67175572519085,0.019664153506530935
pim2,393.6975308641975,406.1296296296296,-0.04485262005332257
pim2,265.91525423728814,307.26271186440675,-0.20850615821501678
pim2,464.05405405405406,328.68243243243245,0.49759851482517153
pim2,288.55652173913046,283.0608695652174,0.02774161373951532
pim2,294.4308943089431,273.9674796747967,0.10392440631858879
pim2,266.35042735042737,288.14529914529913,-0.11347088787060856
pim2,246.60683760683762,303.37606837606836,-0.2988944824689
pim2,272.75384615384615,268.5692307692308,0.02230551174010523
pim2,236.9025974025974,391.62987012987014,-0.7251967890146586
pim2,273.40833333333336,266.14166666666665,0.03886282233745443
pim2,401.7435897435897,431.11538461538464,-0.10179904257352104
pim2,358.20238095238096,384.92857142857144,-0.10381583268363737
pim2,278.23387096774195,288.0725806451613,-0.050134290360362446
pim2,270.3907284768212,258.96026490066225,0.062314936938354326
pim2,259.6260162601626,303.5121951219512,-0.2253195268857965
pim2,266.0890410958904,259.21232876712327,0.037774756112192366
pim2,310.1764705882353,278.2773109243698,0.156565965656868
pim2,256.10169491525426,290.9406779661017,-0.184008220504316
pim2,255.9,319.3090909090909,-0.3193734804531631
pim2,374.3741935483871,474.3677419354839,-0.3415249165903091
pim2,251.75652173913045,290.23478260869564,-0.2051912750222435
pim2,332.304,309.624,0.10198635512839746
pim2,322.041095890411,279.7739726027397,0.2029830487162185
pim2,290.84615384615387,270.5692307692308,0.10425844123075005
pim2,468.3157894736842,311.0,0.5905670996015987
pim2,290.48387096774195,291.6532258064516,-0.005795970417406142
pim2,308.7557251908397,269.36641221374043,0.1968959187736257
pim2,246.47457627118644,284.3813559322034,-0.206388043829915
pim2,259.8,326.5904761904762,-0.33008128983486096
pim2,269.6,285.504,-0.0826904618169916
pim2,317.17045454545456,382.6761363636364,-0.2708655519399176
pim2,271.26612903225805,270.241935483871,0.005457354421586304
pim2,224.70229007633588,289.60305343511453,-0.3660619856163939
pim2,339.6666666666667,304.7733333333333,0.15638296839902976
pim2,272.76153846153846,267.32307692307694,0.029055842268664988
pim2,248.45925925925926,267.037037037037,-0.10403054480185658
pim2,250.80733944954127,313.41284403669727,-0.3214847376359432
pim2,250.32876712328766,247.43835616438355,0.01675493712118476
pim2,270.55974842767296,242.33962264150944,0.15891691802414645
pim2,446.7077922077922,401.1363636363636,0.1552386660728559
pim2,231.04504504504504,313.1261261261261,-0.43856973679261324
pim2,413.0078125,353.6953125,0.2236619728507418
pim2,356.18954248366015,292.69934640522877,0.2832256361535422
pim2,299.85714285714283,266.796992481203,0.1685329358942594
pim2,384.02941176470586,378.1985294117647,0.02207305373505083
pim2,340.04137931034484,397.28275862068966,-0.2244558671082988
pim2,368.56716417910445,425.8880597014925,-0.20854673639708388
pim2,260.6509433962264,271.9433962264151,-0.06118731073915073
pim2,248.4968152866242,265.78980891719743,-0.09705842648580974
pim2,346.99397590361446,344.98192771084337,0.00838983009450025
pim2,237.80152671755727,257.25954198473283,-0.11346661154300478
pim2,341.63309352517985,288.8776978417266,0.24198890545125454
pim2,262.900826446281,275.6363636363636,-0.06824755258790717
pim2,294.57142857142856,322.8392857142857,-0.13219864264794287
pim2,245.10714285714286,290.30357142857144,-0.24414979316360114
pim2,269.2358490566038,294.70754716981133,-0.13041348772480682
pim2,217.7734375,245.7265625,-0.17422582347730858
pim2,332.30263157894734,361.24342105263156,-0.12047359546137795
pim2,257.6611570247934,268.0413223140496,-0.05698036522198492
pim2,395.96794871794873,377.93589743589746,0.06724210091211151
pim2,402.503937007874,386.6692913385827,0.05790270229550321
pim2,286.3606557377049,324.3333333333333,-0.17964401584258655
pim2,218.9268292682927,259.739837398374,-0.24661853701633674
pim2,275.7073170731707,269.6585365853659,0.032003849945680556
pim2,237.7704918032787,273.39344262295083,-0.20140895772542003
pim2,224.88181818181818,254.78181818181818,-0.18009530407548707
pim2,221.71774193548387,255.2741935483871,-0.20332347883382304
pim2,256.05128205128204,271.53846153846155,-0.08472377754960625
pim2,239.73387096774192,239.30645161290323,0.0025744636439674054
polr2b,178.08620689655172,158.50862068965517,0.16801447611553194
polr2b,237.4678899082569,181.58256880733944,0.38710673094682346
polr2b,207.54545454545453,167.93333333333334,0.3055387144616815
polr2b,311.5153846153846,172.84615384615384,0.8498149132219106
polr2b,515.1846153846154,205.87692307692308,1.3233073857608024
polr2b,359.8467741935484,197.86290322580646,0.8628815747369771
polr2b,199.125,162.63690476190476,0.2920196979674929
polr2b,200.48407643312103,149.74522292993632,0.4209776744457566
polr2b,224.130081300813,169.65853658536585,0.4017022681972047
polr2b,298.93142857142857,192.22285714285715,0.6370346881386736
polr2b,182.78531073446328,158.71186440677965,0.20374015507010865
polr2b,224.44755244755245,197.03496503496504,0.1879266967809723
polr2b,200.18115942028984,155.68115942028984,0.3627118378979847
polr2b,171.36893203883494,151.1747572815534,0.18088832019422857
polr2b,190.2741935483871,180.6209677419355,0.07511452482178037
polr2b,242.8310502283105,170.7716894977169,0.5078840823320965
polr2b,295.76666666666665,164.95833333333334,0.8423578062357882
polr2b,201.91463414634146,159.1219512195122,0.34361260420096773
polr2b,196.9764705882353,151.22941176470587,0.38128455730130845
polr2b,339.359477124183,187.3202614379085,0.8573073464355567
polr2b,201.78362573099415,158.06432748538012,0.3522972959390178
polr2b,212.4516129032258,157.5741935483871,0.43110301727592987
polr2b,340.23655913978496,188.44623655913978,0.8523851865998365
polr2b,228.3846153846154,154.53846153846155,0.5634995292533634
polr2b,252.14285714285714,179.0924369747899,0.49353694233761997
polr2b,216.8957055214724,161.71779141104295,0.42352308241697684
polr2b,193.58064516129033,160.52903225806452,0.27010047678176435
polr2b,275.4755244755245,164.9090909090909,0.7402532114117449
polr2b,258.99159663865544,175.78991596638656,0.5590529743941931
polr2b,195.9433962264151,165.63522012578616,0.24242747603154055
polr2b,235.0,177.28571428571428,0.40658446849224716
polr2b,207.29166666666666,182.32142857142858,0.1851779858896575
polr2b,381.84134615384613,173.8028846153846,1.1355213007934148
polr2b,184.9593023255814,172.63372093023256,0.09949356416656151
polr2b,201.3131868131868,157.5879120879121,0.3532848016956396
polr2b,198.1878787878788,200.94545454545454,-0.01993521382103082
polr2b,203.35542168674698,156.2289156626506,0.3803419554853276
polr2b,201.0,150.21511627906978,0.42016550157781385
polr2b,408.4601226993865,187.33128834355827,1.1246033565394975
polr2b,209.3217391304348,172.40869565217392,0.2798896101901415
polr2b,177.1164383561644,151.84246575342465,0.22212279086178627
polr2b,209.85889570552146,149.2638036809816,0.4915552630780362
polr2b,248.0081300813008,172.5772357723577,0.5231452403060721
polr2b,227.0531914893617,166.5531914893617,0.44704731644054846
polr2b,319.006993006993,188.46153846153845,0.759317923928035
polr2b,217.5734265734266,201.56643356643357,0.11024695327792074
polr2b,218.49171270718233,167.34806629834253,0.3847266791619792
polr2b,206.132183908046,177.55747126436782,0.21528370650400083
polr2b,288.59420289855075,178.40096618357487,0.6939188915323906
polr2b,341.9872611464968,179.38853503184714,0.9308548978692734
polr2b,199.28402366863907,170.0828402366864,0.228588461952218
polr2b,248.900826446281,165.91735537190084,0.5851062169180066
polr2b,250.87261146496814,191.21656050955414,0.3917475010491957
polr2b,238.48717948717947,186.9551282051282,0.35121966734100496
polr2b,211.57333333333332,157.9,0.422146630676525
polr2b,278.57894736842104,160.3233082706767,0.7971020514585853
polr2b,205.97826086956522,171.7608695652174,0.26209068192578844
polr2b,228.20422535211267,179.2394366197183,0.3484374073541318
polr2b,176.77272727272728,169.93506493506493,0.05691213755641532
polr2b,220.03125,166.10625,0.4056020795554222
polr2b,170.28140703517587,161.6532663316583,0.07501825772095036
polr2b,186.97122302158274,182.46043165467626,0.03523260491902566
polr2b,197.8375,184.9,0.09757068940493727
polr2b,239.03428571428572,154.99428571428572,0.6250025373891687
polr2b,211.68965517241378,208.5241379310345,0.021736375580952573
polr2b,283.8082191780822,193.97260273972603,0.5490634746041829
polr2b,263.89814814814815,189.49074074074073,0.47785387248694444
polr2b,179.31914893617022,187.9627659574468,-0.06791734555551951
polr2b,301.1162790697674,203.8139534883721,0.5630678812189504
polr2b,172.9784946236559,179.3978494623656,-0.05256990859732249
polr2b,219.32934131736528,151.77245508982037,0.5311888425892125
polr2b,204.45205479452054,167.35616438356163,0.28884087026799704
polr2b,206.73891625615764,172.50738916256157,0.26115182584981644
polr2b,380.84496124031006,206.89922480620154,0.8802755684610054
polr2b,333.66187050359713,207.50359712230215,0.6852504846017617
polr2b,267.02830188679246,181.74056603773585,0.5551121815697319
polr2b,256.1354166666667,184.94270833333334,0.4698283318171851
polr2b,271.1090909090909,176.0,0.6232980619949603
polr2b,238.68103448275863,169.41379310344828,0.4945325960472585
polr2b,223.248,168.48,0.40606990933268833
polr2b,261.48,198.52666666666667,0.3973677950009123
polr2b,230.74213836477986,169.27672955974842,0.4468978346740005
polr2b,264.5483870967742,185.9516129032258,0.5086043603013899
polr2b,231.5759493670886,166.50632911392404,0.47590841108307025
polr2b,251.51020408163265,183.47619047619048,0.45502407504335335
polr2b,233.5966386554622,196.34453781512605,0.25063205100226565
polr2b,205.6979865771812,172.8993288590604,0.25059540357409343
polr2b,215.8962962962963,146.07407407407408,0.563638349681245
polr2b,396.6148148148148,211.54814814814816,0.9067525111110364
polr2b,270.96,186.96666666666667,0.5352988096461657
polr2b,179.94554455445544,160.25742574257427,0.16716917402402592
polr2b,284.22330097087377,195.61650485436894,0.5389967326240079
polr2b,356.71555555555557,196.0,0.8639204754915207
polr2b,202.54857142857142,166.61142857142858,0.28178054520213563
polr2b,236.14018691588785,186.08878504672896,0.343652472262856
polr2b,218.60119047619048,161.61904761904762,0.4357040207883413
polr2b,192.37254901960785,181.19117647058823,0.08639024390480787
polr2b,223.6178861788618,181.15447154471545,0.30381517027909827
polr2b,545.8623853211009,223.28899082568807,1.2896251648267523
polr2b,200.4923076923077,176.91794871794872,0.1804664656600385
polr2b,278.83561643835617,199.54794520547946,0.4826794292344339
polr2b,221.27272727272728,186.020979020979,0.2503603099426942
polr2b,287.7452229299363,197.57324840764332,0.5424043593517003
polr2b,224.2849162011173,186.96648044692736,0.26255295297322756
polr2b,331.29133858267716,203.31496062992127,0.7043841078340298
polr2b,202.85142857142858,160.50285714285715,0.3378244834166924
polr2b,287.6506849315069,177.0,0.7005685451515352
polr2b,204.71428571428572,171.12422360248448,0.2585677864974755
polr2b,161.0808823529412,151.2058823529412,0.09127101434503058
polr2b,207.975,157.055,0.4051402437655999
polr2b,227.49180327868854,176.9016393442623,0.36286714721120433
polr2b,230.2814371257485,168.10179640718562,0.4540629789663
polr2b,209.8858695652174,156.06521739130434,0.4274560049310429
polr2b,362.9675675675676,196.34594594594594,0.8864428338317056
polr2b,322.7913669064748,204.5611510791367,0.6580698102255681
polr2b,252.57758620689654,186.47413793103448,0.43775106251067253
polr2b,397.9520958083832,211.67664670658684,0.9107326619029125
polr2b,235.0983606557377,163.8087431693989,0.5212521172877149
polr2b,228.73743016759778,159.52513966480447,0.5199086678957365
polr2b,510.5079365079365,195.7883597883598,1.3826383949461765
polr2b,259.04464285714283,179.23214285714286,0.5313713599957058
polr2b,210.40625,176.4609375,0.2538287049004648
polr2b,199.60759493670886,155.19620253164558,0.3630733584019354
polr2b,253.71323529411765,180.5514705882353,0.49078861044568123
polr2b,229.29661016949152,160.9915254237288,0.5102302798131093
polr2b,196.40397350993376,152.78807947019868,0.3622921288993764
polr2b,179.8543046357616,143.7682119205298,0.32308396751909924
polr2b,183.96153846153845,140.47435897435898,0.3890973511933497
polr2b,237.0082644628099,167.2479338842975,0.5029489781978213
polr2b,213.16438356164383,154.91095890410958,0.46052719776162643
polr2b,180.82142857142858,140.64285714285714,0.36252937300825744
polr2b,270.48214285714283,160.64285714285714,0.7516765169944445
polr2b,214.68852459016392,179.40983606557376,0.25898609158825564
polr2b,252.35384615384615,174.51538461538462,0.532093850511845
polr2b,292.39864864864865,165.32432432432432,0.8226376384036106
polr2b,272.41379310344826,178.58620689655172,0.6091790948209792
polr2b,211.90070921985816,168.27659574468086,0.33255387871378717
polr2b,209.0843373493976,172.31927710843374,0.27900088990411237
polr2b,216.5241379310345,152.40689655172415,0.5065996767811004
polr2b,253.36893203883494,178.6601941747573,0.5040213978092205
polr2b,241.6535433070866,191.66929133858267,0.3343209374264181
polr2b,179.05747126436782,150.39080459770116,0.25170635864186514
polr2b,262.51552795031057,157.35403726708074,0.7383885669216645
polr2b,218.66120218579235,149.37158469945356,0.5497915336886945
polr2b,225.22099447513813,157.94475138121547,0.5119213216311344
polr2b,245.2642857142857,158.5,0.6298543300407644
polr2b,236.4385026737968,163.15508021390374,0.5352210795759776
polr2b,328.5506329113924,184.50632911392404,0.8324454154467984
polr2b,314.66896551724136,161.42068965517242,0.9630093947241251
polr2b,212.96774193548387,169.67741935483872,0.3278403390428713
polr2b,249.58333333333334,161.52777777777777,0.6277393120367236
polr2b,225.14117647058825,157.36470588235295,0.5167179318196871
polr2b,229.83333333333334,177.46969696969697,0.3730153461966469
polr2b,237.50675675675674,154.56756756756758,0.6197309220157874
polr2b,225.97196261682242,191.55140186915887,0.2384121977537262
polr2b,365.27777777777777,194.38095238095238,0.9101071333707558
polr2b,216.25133689839572,169.89839572192514,0.3480368219027587
polr2b,222.19117647058823,164.13235294117646,0.43694188273183543
polr2b,272.1333333333333,170.5037037037037,0.6745106036496954
polr2b,253.84666666666666,167.21333333333334,0.6022674254666063
polr2b,254.47272727272727,198.8090909090909,0.3561273176640334
polr2b,281.04137931034484,164.35172413793103,0.7739959710843115
polr2b,274.0416666666667,157.7797619047619,0.7964830988343421
polr2b,243.28440366972478,194.22935779816513,0.3248825549918674
polr2b,220.84516129032258,168.01290322580644,0.3944631885072352
polr2b,217.8732394366197,168.3661971830986,0.3718864882985303
polr2b,245.96153846153845,179.19230769230768,0.45692402866054216
polr2b,265.29487179487177,160.05128205128204,0.7290625549582752
polr2b,214.890243902439,190.1280487804878,0.1766286030210391
polr2b,210.67248908296943,165.2052401746725,0.3507424818247479
polr2b,239.06164383561645,179.67123287671234,0.4120232381618741
polr2b,230.03149606299212,169.3228346456693,0.4420548632115235
polr2b,256.35526315789474,165.6315789473684,0.6301667575257693
polr2b,416.1075697211155,196.35059760956176,1.083524544781135
polr2b,251.3012048192771,190.710843373494,0.3980307137259712
polr2b,220.65822784810126,169.14556962025316,0.38354815362069167
polr2b,284.72,202.25,0.4934041353050833
polr2b,217.92380952380952,193.76190476190476,0.1695388758995836
polr2b,230.2716049382716,198.69753086419752,0.21276257678350308
polr2b,478.34391534391534,211.02116402116403,1.1806605480616053
polr2b,253.2754491017964,174.37125748502993,0.5385449853828921
polr2b,206.6283783783784,175.6418918918919,0.23440142843999354
polr2b,270.55970149253733,188.51492537313433,0.5212682220117467
polr2b,238.70700636942675,171.77707006369425,0.4747034431882768
polr2b,288.20175438596493,204.93859649122808,0.49188740218575366
polr2b,303.5175438596491,191.02631578947367,0.668008511605391
polr2b,236.59872611464968,174.828025477707,0.4365058341066642
polr2b,284.9665271966527,188.64853556485355,0.5950915661726182
polr2b,253.125,193.86875,0.38476973091712263
polr2b,228.64028776978418,175.02158273381295,0.38554679881059684
polr2b,243.76296296296297,196.82222222222222,0.30858582392030676
polr2b,220.8535031847134,187.15286624203821,0.23887257338045784
polr2b,292.52258064516127,193.76774193548388,0.5942195809343183
polr2b,287.73839662447256,184.34599156118142,0.6423417045664724
polr2b,218.9294117647059,174.9,0.3239354951209182
polr2b,508.2922077922078,209.61688311688312,1.2779031940322534
polr2b,253.515873015873,211.53968253968253,0.2611477567921154
polr2b,241.53781512605042,191.05042016806723,0.3382956443254159
polr2b,256.8674033149171,188.96132596685084,0.4429328291981146
polr2b,179.7,169.8095238095238,0.08167303377634504
polr2b,215.06808510638297,171.77021276595744,0.3243135771145337
polr2b,261.7903225806452,183.04032258064515,0.5162502674114239
polr2b,339.0921052631579,183.16666666666666,0.8885202154986768
polr2b,198.07567567567568,171.1081081081081,0.21114359873561572
polr2b,413.4761904761905,189.67261904761904,1.1242928282021492
polr2b,216.70676691729324,171.77443609022558,0.33522885704693295
polr2b,310.8512396694215,196.52892561983472,0.6614826647462533
polr2b,275.94117647058823,178.96218487394958,0.6247059795975319
polr2b,271.26271186440675,175.79661016949152,0.6257834947400229
polr2b,297.01360544217687,179.08843537414967,0.7298568403723373
polr2b,271.24087591240874,180.71532846715328,0.5858557262080646
polr2b,365.6993006993007,200.4055944055944,0.8677350853911521
polr2b,211.99386503067484,152.96319018404907,0.4708379972644701
polr2b,276.91472868217056,166.51162790697674,0.7338188628722828
polr2b,260.6254826254826,187.06563706563708,0.4784335824095728
polr2b,182.9607843137255,170.81176470588235,0.09912711101388201
polr2b,199.79850746268656,164.78358208955223,0.2779732965292299
polr2b,230.01796407185628,168.70658682634732,0.447230235978899
polr2b,194.56140350877192,158.01169590643275,0.30019419155718147
polr2b,393.11206896551727,221.95689655172413,0.8246611205639229
polr2b,295.4782608695652,171.3304347826087,0.7862705398147714
polr2b,254.12328767123287,174.86301369863014,0.5393034203223743
polr2b,382.87401574803147,184.0275590551181,1.0569479197814748
polr2b,249.50806451612902,162.08870967741936,0.6223028434884078
polr2b,273.088,183.44,0.5740576607329556
polr2b,196.77464788732394,160.33802816901408,0.29542772101500187
polr2b,276.0775510204082,189.60816326530613,0.5420525029226235
polr2b,282.88709677419354,164.94354838709677,0.778254023776216
polr2b,255.272,186.128,0.45574019937702637
polr2b,227.21052631578948,180.31578947368422,0.3335039413774552
